date,tmax,tmin,tmed
01/1865,19.3,13.9,16.6
02/1865,20.3,13.4,16.85
03/1865,18,13.2,15.6
04/1865,18.7,14.8,16.75
05/1865,19.4,15.6,17.5
06/1865,22,18.2,20.1
07/1865,23.9,20.3,22.1
08/1865,24.1,20.4,22.25
09/1865,24.6,20.4,22.5
10/1865,23.3,19.1,21.2
11/1865,21.1,15.5,18.3
12/1865,18.9,14.8,16.85
01/1866,18,13.7,15.85
02/1866,17.7,13.5,15.6
03/1866,16.7,12.1,14.4
04/1866,18.4,14.4,16.4
05/1866,19.8,16.1,17.95
06/1866,21.8,19.3,20.55
07/1866,23.1,19.4,21.25
08/1866,25.2,21.1,23.15
09/1866,24.9,20.8,22.85
10/1866,23.6,19.1,21.35
11/1866,21.2,16.4,18.8
12/1866,19.2,13.7,16.45
01/1867,19.1,14.9,17
02/1867,20,14.7,17.35
03/1867,19.6,15.2,17.4
04/1867,20.4,15.4,17.9
05/1867,20.6,16.2,18.4
06/1867,22,18.1,20.05
07/1867,23.7,19.8,21.75
08/1867,24.5,20.1,22.3
09/1867,24.3,19.2,21.75
10/1867,23,17.6,20.3
11/1867,20.5,16.2,18.35
12/1867,18.5,13.7,16.1
01/1868,18.5,13.3,15.9
02/1868,18.5,13.4,15.95
03/1868,19.8,14.2,17
04/1868,19.3,14.4,16.85
05/1868,21.2,16.7,18.95
06/1868,22.6,18.3,20.45
07/1868,24.4,19.4,21.9
08/1868,25.4,20.4,22.9
09/1868,24.9,19.6,22.25
10/1868,23.2,16.9,20.05
11/1868,20.7,15.9,18.3
12/1868,20.4,15.7,18.05
01/1869,18.8,13.7,16.25
02/1869,18.4,12.8,15.6
03/1869,18.6,13.3,15.95
04/1869,19.6,14.9,17.25
05/1869,21.2,16.2,18.7
06/1869,22.1,17.4,19.75
07/1869,24.1,19.9,22
08/1869,24.7,19.6,22.15
09/1869,24.8,19.9,22.35
10/1869,22.8,17.7,20.25
11/1869,20.5,15.1,17.8
12/1869,18.6,13.4,16
01/1870,18.2,13.3,15.75
02/1870,17.7,13,15.35
03/1870,18,12.9,15.45
04/1870,19,14.2,16.6
05/1870,20.3,15.5,17.9
06/1870,22.7,18,20.35
07/1870,23.8,19.2,21.5
08/1870,24.6,19.6,22.1
09/1870,25.1,19.6,22.35
10/1870,24.3,18.8,21.55
11/1870,21.4,16.3,18.85
12/1870,19.6,14.3,16.95
01/1871,17.4,11.7,14.55
02/1871,17.8,12.7,15.25
03/1871,17.5,12.2,14.85
04/1871,20.2,14.5,17.35
05/1871,20.1,15.3,17.7
06/1871,21.7,16.9,19.3
07/1871,23.8,19,21.4
08/1871,24.8,19.8,22.3
09/1871,24.4,19.3,21.85
10/1871,23.3,17.9,20.6
11/1871,21.2,16,18.6
12/1871,18.3,12.7,15.5
01/1872,18.1,12.6,15.35
02/1872,18.5,12.9,15.7
03/1872,18.3,13.2,15.75
04/1872,19.6,14,16.8
05/1872,19.5,14.1,16.8
06/1872,21.6,17,19.3
07/1872,23.9,19.3,21.6
08/1872,25.6,20.2,22.9
09/1872,24.5,19.4,21.95
10/1872,22.3,17.2,19.75
11/1872,20.9,15.2,18.05
12/1872,18.5,12.9,15.7
01/1873,17.8,12.4,15.1
02/1873,17.8,12.5,15.15
03/1873,17.9,12.2,15.05
04/1873,18.4,13.4,15.9
05/1873,20.6,15.2,17.9
06/1873,21.6,16.7,19.15
07/1873,23.6,18.5,21.05
08/1873,24.9,19.7,22.3
09/1873,24.4,18.9,21.65
10/1873,22.5,17.4,19.95
11/1873,20.4,15.1,17.75
12/1873,19.1,14.4,16.75
01/1874,18,12.6,15.3
02/1874,18,12.4,15.2
03/1874,18.8,13.2,16
04/1874,20,14.4,17.2
05/1874,20.6,15.2,17.9
06/1874,21.6,16.5,19.05
07/1874,24.2,18.9,21.55
08/1874,24.4,19.3,21.85
09/1874,24.2,19,21.6
10/1874,22.4,16.9,19.65
11/1874,20.8,15.8,18.3
12/1874,17.6,12.1,14.85
01/1875,18.1,12.3,15.2
02/1875,17.7,12.2,14.95
03/1875,18.3,12.8,15.55
04/1875,19,13.9,16.45
05/1875,21.5,16.5,19
06/1875,22.5,17,19.75
07/1875,23.5,18.1,20.8
08/1875,25.5,20.3,22.9
09/1875,24.8,20.2,22.5
10/1875,24,18.3,21.15
11/1875,22.3,16.4,19.35
12/1875,19.2,14,16.6
01/1876,17.2,12,14.6
02/1876,18.2,12.4,15.3
03/1876,18.8,12.9,15.85
04/1876,19.6,13.6,16.6
05/1876,19.8,14.6,17.2
06/1876,21.2,16.2,18.7
07/1876,24.4,19,21.7
08/1876,26,20.9,23.45
09/1876,25.6,20.5,23.05
10/1876,23.4,17.7,20.55
11/1876,21.7,16.4,19.05
12/1876,20,14.7,17.35
01/1877,18.9,13,15.95
02/1877,18.4,12.4,15.4
03/1877,18.7,13.4,16.05
04/1877,19.9,14.7,17.3
05/1877,21.5,16.2,18.85
06/1877,22.3,17.2,19.75
07/1877,24,18.9,21.45
08/1877,25.9,20.2,23.05
09/1877,24.9,19.2,22.05
10/1877,24,18.2,21.1
11/1877,22.7,16.8,19.75
12/1877,19.9,14.2,17.05
01/1878,19,13.1,16.05
02/1878,18.8,13.4,16.1
03/1878,19.4,13.8,16.6
04/1878,20.7,15.8,18.25
05/1878,22.6,17,19.8
06/1878,23.9,19,21.45
07/1878,24.6,19.5,22.05
08/1878,26.2,20.8,23.5
09/1878,25.8,20,22.9
10/1878,23.6,17.7,20.65
11/1878,21,15.4,18.2
12/1878,20.2,15.6,17.9
01/1879,19.4,13.6,16.5
02/1879,18.6,13.2,15.9
03/1879,17.8,11.6,14.7
04/1879,19.8,13.7,16.75
05/1879,21,15.1,18.05
06/1879,22.6,17.1,19.85
07/1879,24.9,19.2,22.05
08/1879,24.8,19.1,21.95
09/1879,24.5,18.4,21.45
10/1879,23.5,17.3,20.4
11/1879,21.8,16.2,19
12/1879,19.6,14.4,17
01/1880,18.8,12.7,15.75
02/1880,19.2,12.9,16.05
03/1880,19,12.9,15.95
04/1880,18.6,12.8,15.7
05/1880,19.3,13.2,16.25
06/1880,21.6,16.1,18.85
07/1880,23.8,18,20.9
08/1880,25.3,19.3,22.3
09/1880,25.7,19.5,22.6
10/1880,24,18,21
11/1880,21.7,15.1,18.4
12/1880,19.9,13.8,16.85
01/1881,19.4,14.7,17.05
02/1881,18.4,11.8,15.1
03/1881,19.1,13.3,16.2
04/1881,19.3,13.2,16.25
05/1881,21.2,14.8,18
06/1881,22.2,16.7,19.45
07/1881,23.3,17.8,20.55
08/1881,25.7,19.4,22.55
09/1881,24.7,18.8,21.75
10/1881,23.4,17.3,20.35
11/1881,21.3,15,18.15
12/1881,19.7,13,16.35
01/1882,18.7,12.5,15.6
02/1882,18.5,12,15.25
03/1882,18.6,12.2,15.4
04/1882,19.5,13.5,16.5
05/1882,20.2,14.5,17.35
06/1882,21.6,16,18.8
07/1882,24.4,18.3,21.35
08/1882,24.4,18.6,21.5
09/1882,23.8,17.4,20.6
10/1882,23.2,16.8,20
11/1882,21.7,14.7,18.2
12/1882,19.9,13,16.45
01/1883,19.3,12.6,15.95
02/1883,18.5,11.6,15.05
03/1883,17.1,10.8,13.95
04/1883,18.8,12.6,15.7
05/1883,19.1,13,16.05
06/1883,21.4,15.1,18.25
07/1883,24,18.1,21.05
08/1883,24.5,18.2,21.35
09/1883,25.2,18.2,21.7
10/1883,22.3,15.8,19.05
11/1883,20.6,14.2,17.4
12/1883,18,12,15
01/1884,18.4,12.8,15.6
02/1884,16.9,10.2,13.55
03/1884,17.8,11.1,14.45
04/1884,18.2,11.8,15
05/1884,19.6,13.5,16.55
06/1884,21.9,15.9,18.9
07/1884,24.2,18.1,21.15
08/1884,24.8,18.4,21.6
09/1884,24.4,18.1,21.25
10/1884,22.5,15.8,19.15
11/1884,20,13.8,16.9
12/1884,18.7,12.3,15.5
01/1885,17.5,11,14.25
02/1885,18.3,12,15.15
03/1885,17.3,10.8,14.05
04/1885,18.8,12.4,15.6
05/1885,21.1,14.8,17.95
06/1885,22.4,16.4,19.4
07/1885,23.6,17.5,20.55
08/1885,24.9,18.5,21.7
09/1885,24.4,17.8,21.1
10/1885,22.4,16.1,19.25
11/1885,20.5,13.9,17.2
12/1885,18.9,12.4,15.65
01/1886,17.7,10.9,14.3
02/1886,17.2,10,13.6
03/1886,18.7,12.3,15.5
04/1886,19.2,12.5,15.85
05/1886,20.6,14.2,17.4
06/1886,22.2,15.8,19
07/1886,24,17.6,20.8
08/1886,24.9,18.5,21.7
09/1886,24.8,17.9,21.35
10/1886,23,15.9,19.45
11/1886,21,13.6,17.3
12/1886,19.2,12.3,15.75
01/1887,18,10.7,14.35
02/1887,17.7,10.4,14.05
03/1887,18.9,12.3,15.6
04/1887,19,12.4,15.7
05/1887,20.1,13.3,16.7
06/1887,22.7,16.3,19.5
07/1887,24.2,17.9,21.05
08/1887,25.2,18.6,21.9
09/1887,24.7,17.8,21.25
10/1887,23.3,16.6,19.95
11/1887,21.7,14.4,18.05
12/1887,19.7,12.4,16.05
01/1888,18.6,11.4,15
02/1888,17.3,10.2,13.75
03/1888,18.4,11.3,14.85
04/1888,17.9,10.7,14.3
05/1888,20.4,13.3,16.85
06/1888,22.3,15.4,18.85
07/1888,24.6,17.9,21.25
08/1888,25.8,18.6,22.2
09/1888,24.8,17.5,21.15
10/1888,23.3,16.6,19.95
11/1888,21.7,14.2,17.95
12/1888,19.4,11.9,15.65
01/1889,18,10.4,14.2
02/1889,17.8,10.4,14.1
03/1889,18.4,11.1,14.75
04/1889,18.9,11.5,15.2
05/1889,20.4,13.5,16.95
06/1889,21.7,15,18.35
07/1889,23.9,17.1,20.5
08/1889,24.8,17.9,21.35
09/1889,24.4,17.5,20.95
10/1889,22.6,15.2,18.9
11/1889,21.4,13.9,17.65
12/1889,18.4,11.1,14.75
01/1890,18.6,10.9,14.75
02/1890,17.8,10.1,13.95
03/1890,17.3,10.2,13.75
04/1890,18.9,11.8,15.35
05/1890,19.2,12.4,15.8
06/1890,22.5,14.4,18.45
07/1890,22.9,15.9,19.4
08/1890,23.5,16.2,19.85
09/1890,24.1,16.6,20.35
10/1890,22.8,15.7,19.25
11/1890,20.8,13.5,17.15
12/1890,18.3,10.8,14.55
01/1891,16.8,14,15.4
02/1891,17.7,15.1,16.4
03/1891,18,15.7,16.85
04/1891,20.2,18.1,19.15
05/1891,20.3,17.9,19.1
06/1891,22.9,20.8,21.85
07/1891,24.9,23,23.95
08/1891,24.9,22.8,23.85
09/1891,24.1,21.6,22.85
10/1891,23.1,20.1,21.6
11/1891,19.8,16.9,18.35
12/1891,19.2,16.4,17.8
01/1892,17.8,15,16.4
02/1892,17.9,15,16.45
03/1892,17.4,15.2,16.3
04/1892,18.8,16.3,17.55
05/1892,20.7,18.5,19.6
06/1892,22.6,20.6,21.6
07/1892,24.5,22.4,23.45
08/1892,25.2,23.1,24.15
09/1892,23.7,21.1,22.4
10/1892,23.1,20,21.55
11/1892,21.1,18.1,19.6
12/1892,19.4,16.6,18
01/1893,18.3,15.9,17.1
02/1893,18.8,15.8,17.3
03/1893,19.1,16.4,17.75
04/1893,18.5,15.9,17.2
05/1893,20.1,18.1,19.1
06/1893,23.2,21,22.1
07/1893,24.8,22.7,23.75
08/1893,25.5,23.8,24.65
09/1893,24.9,22.3,23.6
10/1893,24.4,21.3,22.85
11/1893,21,18.3,19.65
12/1893,18.8,15.9,17.35
01/1894,18.2,15.6,16.9
02/1894,18.3,15.6,16.95
03/1894,18,15.6,16.8
04/1894,18.7,16.4,17.55
05/1894,19.7,17.4,18.55
06/1894,21.6,19.6,20.6
07/1894,24,21.9,22.95
08/1894,24.5,22.4,23.45
09/1894,24.5,21.9,23.2
10/1894,23,20,21.5
11/1894,21.2,18.6,19.9
12/1894,19.3,16.6,17.95
01/1895,17.5,14.8,16.15
02/1895,17.6,15.3,16.45
03/1895,17.4,14.1,15.75
04/1895,18.3,16.1,17.2
05/1895,20.6,18.5,19.55
06/1895,22.4,20.6,21.5
07/1895,24.2,22.5,23.35
08/1895,25.5,23.8,24.65
09/1895,25.1,22.6,23.85
10/1895,23.4,21,22.2
11/1895,21.1,18.5,19.8
12/1895,20.1,17.4,18.75
01/1896,18.7,15.9,17.3
02/1896,19,16.5,17.75
03/1896,19,16.4,17.7
04/1896,20.6,18.2,19.4
05/1896,20.5,18.5,19.5
06/1896,22.3,20.6,21.45
07/1896,23.8,22.2,23
08/1896,24.4,22.5,23.45
09/1896,24.8,23,23.9
10/1896,22.3,20.1,21.2
11/1896,19.8,17.3,18.55
12/1896,19,16.5,17.75
01/1897,17.6,15.1,16.35
02/1897,18.5,16.2,17.35
03/1897,20.5,18.2,19.35
04/1897,20.3,18.3,19.3
05/1897,20,18.3,19.15
06/1897,22.3,20.6,21.45
07/1897,24.4,22.5,23.45
08/1897,25.7,23.8,24.75
09/1897,24.6,22.3,23.45
10/1897,23,20.8,21.9
11/1897,21.6,18.8,20.2
12/1897,19.3,16.9,18.1
01/1898,18.4,15.9,17.15
02/1898,19.1,16.7,17.9
03/1898,17.8,15.6,16.7
04/1898,18.5,16.8,17.65
05/1898,20.4,18.5,19.45
06/1898,22,20.6,21.3
07/1898,23.2,22,22.6
08/1898,24.7,23,23.85
09/1898,26.3,23.4,24.85
10/1898,23.7,21.3,22.5
11/1898,20.6,18,19.3
12/1898,19.4,16.9,18.15
01/1899,18.6,16.1,17.35
02/1899,17.9,15.4,16.65
03/1899,18.6,16.4,17.5
04/1899,20.6,18.7,19.65
05/1899,21.4,19.7,20.55
06/1899,22.5,20.6,21.55
07/1899,24,22.5,23.25
08/1899,25.6,24,24.8
09/1899,25.3,23,24.15
10/1899,23.9,21.3,22.6
11/1899,22.2,19.2,20.7
12/1899,20.5,17.9,19.2
01/1900,18.5,15.2,16.85
02/1900,18.3,15.6,16.95
03/1900,17.9,15.8,16.85
04/1900,19.6,17.5,18.55
05/1900,19.9,17.9,18.9
06/1900,22.1,20.6,21.35
07/1900,24.5,22.8,23.65
08/1900,25.2,23.2,24.2
09/1900,24.6,23.4,24
10/1900,22.9,20.6,21.75
11/1900,21.7,18.9,20.3
12/1900,20.5,17.1,18.8
01/1901,18.7,16.4,17.55
02/1901,18.8,16.4,17.6
03/1901,19.3,16.8,18.05
04/1901,20,17.7,18.85
05/1901,19.9,18.1,19
06/1901,21.9,20.2,21.05
07/1901,22.9,21.3,22.1
08/1901,24.5,22.6,23.55
09/1901,24.2,22,23.1
10/1901,22.6,19.9,21.25
11/1901,20.7,18.6,19.65
12/1901,18,15.4,16.7
01/1902,18.8,16.4,17.6
02/1902,18.8,16.5,17.65
03/1902,19.1,16.5,17.8
04/1902,19.1,16.8,17.95
05/1902,20,17.9,18.95
06/1902,21.2,19.5,20.35
07/1902,23.6,21.7,22.65
08/1902,26.5,24.1,25.3
09/1902,25,22.4,23.7
10/1902,23.3,20.3,21.8
11/1902,21.3,18.5,19.9
12/1902,19.4,17,18.2
01/1903,18.3,15.2,16.75
02/1903,19.1,16.5,17.8
03/1903,19,16.3,17.65
04/1903,19.6,17.4,18.5
05/1903,19.8,17.6,18.7
06/1903,21.8,20,20.9
07/1903,24.1,22.4,23.25
08/1903,24.5,22.8,23.65
09/1903,24.1,21.7,22.9
10/1903,23.2,20.2,21.7
11/1903,21.4,18.6,20
12/1903,18.8,15.7,17.25
01/1904,18.1,15.2,16.65
02/1904,17.9,15.2,16.55
03/1904,17.5,15.2,16.35
04/1904,18.9,16.9,17.9
05/1904,20.2,18.4,19.3
06/1904,21.6,19.9,20.75
07/1904,24.1,22,23.05
08/1904,25.8,23.5,24.65
09/1904,24.8,22.2,23.5
10/1904,22.6,19.7,21.15
11/1904,20.8,17.9,19.35
12/1904,19.3,16.5,17.9
01/1905,18.4,15.9,17.15
02/1905,18,15.1,16.55
03/1905,19.4,17.1,18.25
04/1905,19.7,17.8,18.75
05/1905,20.3,18,19.15
06/1905,22.3,20.2,21.25
07/1905,23.6,21.8,22.7
08/1905,25.2,23.1,24.15
09/1905,24.2,21.7,22.95
10/1905,22.7,19.9,21.3
11/1905,20,17,18.5
12/1905,19.2,16.9,18.05
01/1906,18.4,16.2,17.3
02/1906,17.9,15.6,16.75
03/1906,17.7,15.5,16.6
04/1906,18.1,16.1,17.1
05/1906,19.7,17.5,18.6
06/1906,22.4,20.5,21.45
07/1906,24,22.4,23.2
08/1906,25.3,23.8,24.55
09/1906,24.4,22.1,23.25
10/1906,23.7,20.8,22.25
11/1906,21.3,18.9,20.1
12/1906,18.8,16.3,17.55
01/1907,17.6,14.7,16.15
02/1907,17,14.3,15.65
03/1907,18.3,15.8,17.05
04/1907,19.2,17.3,18.25
05/1907,19.9,17.8,18.85
06/1907,22.4,20.4,21.4
07/1907,22.5,20.8,21.65
08/1907,24.8,23,23.9
09/1907,24.9,22.6,23.75
10/1907,23.2,20.3,21.75
11/1907,19.4,16.5,17.95
12/1907,18.6,15.6,17.1
01/1908,17.4,14.8,16.1
02/1908,17.7,14.7,16.2
03/1908,18,15.6,16.8
04/1908,18,15.8,16.9
05/1908,20.8,18.9,19.85
06/1908,21.3,19.5,20.4
07/1908,23,21.3,22.15
08/1908,24.3,22.2,23.25
09/1908,24.9,22.4,23.65
10/1908,23.4,20.7,22.05
11/1908,21.2,18.5,19.85
12/1908,19.5,16.6,18.05
01/1909,18.2,15,16.6
02/1909,17.9,15,16.45
03/1909,18,15.6,16.8
04/1909,19.1,17,18.05
05/1909,20.8,18.8,19.8
06/1909,21.6,19.7,20.65
07/1909,23.3,21.8,22.55
08/1909,24.5,22.9,23.7
09/1909,23.7,21.7,22.7
10/1909,24.2,21.4,22.8
11/1909,19.8,17.3,18.55
12/1909,19.4,17,18.2
01/1910,18.4,15.4,16.9
02/1910,18.6,15.5,17.05
03/1910,17.6,15.1,16.35
04/1910,19.7,17.4,18.55
05/1910,19.9,18,18.95
06/1910,21.6,19.9,20.75
07/1910,23.3,21.8,22.55
08/1910,24.6,22.9,23.75
09/1910,25.3,23,24.15
10/1910,23.3,20.6,21.95
11/1910,21.2,18.8,20
12/1910,19.7,17.1,18.4
01/1911,18.1,15.6,16.85
02/1911,18.4,15.8,17.1
03/1911,18.6,16.3,17.45
04/1911,18.6,16.2,17.4
05/1911,19.4,18,18.7
06/1911,22,20.5,21.25
07/1911,22.7,21.6,22.15
08/1911,25.1,23.6,24.35
09/1911,25.5,24.2,24.85
10/1911,23.2,21.6,22.4
11/1911,20.6,18,19.3
12/1911,19.5,17,18.25
01/1912,18,15.8,16.9
02/1912,17.9,15.7,16.8
03/1912,19,16.7,17.85
04/1912,19.1,16.8,17.95
05/1912,21.1,18.8,19.95
06/1912,21.9,19.9,20.9
07/1912,22.9,20.8,21.85
08/1912,24.7,23.3,24
09/1912,24.3,22.2,23.25
10/1912,22.8,20.2,21.5
11/1912,21.4,19.1,20.25
12/1912,18.7,15.7,17.2
01/1913,18.4,15.8,17.1
02/1913,18.2,15.8,17
03/1913,19,16.8,17.9
04/1913,18,16.2,17.1
05/1913,20,18,19
06/1913,22.4,20.8,21.6
07/1913,23.6,21.8,22.7
08/1913,24.1,22.1,23.1
09/1913,25.2,20,22.6
10/1913,23.8,18.6,21.2
11/1913,22,16.8,19.4
12/1913,20.7,15.5,18.1
01/1914,19,15.1,17.05
02/1914,18.9,14.3,16.6
03/1914,18.2,15,16.6
04/1914,19.4,15.8,17.6
05/1914,20.4,17.4,18.9
06/1914,21.3,18.7,20
07/1914,23.4,20.8,22.1
08/1914,25.4,21.9,23.65
09/1914,25.4,22,23.7
10/1914,23.7,20.6,22.15
11/1914,20.8,17,18.9
12/1914,19.3,15.6,17.45
01/1915,18.6,14.9,16.75
02/1915,18,14.8,16.4
03/1915,18.5,15.9,17.2
04/1915,18.7,15.6,17.15
05/1915,20.3,17.6,18.95
06/1915,22.3,19.5,20.9
07/1915,24,21.1,22.55
08/1915,24.7,21.7,23.2
09/1915,25.2,21.6,23.4
10/1915,22.4,19,20.7
11/1915,20.5,17.1,18.8
12/1915,19,16.8,17.9
01/1916,18,14.9,16.45
02/1916,17.8,14.3,16.05
03/1916,17.3,14.2,15.75
04/1916,17.8,15.2,16.5
05/1916,19.2,16.7,17.95
06/1916,20.6,18.7,19.65
07/1916,22,20.4,21.2
08/1916,23.9,22.3,23.1
09/1916,24.4,22.1,23.25
10/1916,24,21,22.5
11/1916,22.2,18.8,20.5
12/1916,18.8,15.9,17.35
01/1917,17.1,14.1,15.6
02/1917,16,13.3,14.65
03/1917,16.9,14.2,15.55
04/1917,17.4,15,16.2
05/1917,19.3,17.6,18.45
06/1917,20.3,19,19.65
07/1917,23.9,21.1,22.5
08/1917,23.7,21.4,22.55
09/1917,24.3,21,22.65
10/1917,22.6,18.9,20.75
11/1917,21.3,17.6,19.45
12/1917,18.2,14.3,16.25
01/1918,18.2,15.4,16.8
02/1918,17.7,13.9,15.8
03/1918,17.4,13.9,15.65
04/1918,17.8,15.1,16.45
05/1918,19.5,16.9,18.2
06/1918,22,19.3,20.65
07/1918,23.2,21,22.1
08/1918,23.6,21.1,22.35
09/1918,24.5,21.4,22.95
10/1918,22.1,18.6,20.35
11/1918,20.8,17,18.9
12/1918,19.4,16.2,17.8
01/1919,18.7,15.7,17.2
02/1919,19.3,16.1,17.7
03/1919,18.4,15.3,16.85
04/1919,18.5,15.2,16.85
05/1919,20.3,17.2,18.75
06/1919,21.7,19.2,20.45
07/1919,22.2,20.1,21.15
08/1919,27.3,23.8,25.55
09/1919,24,20.7,22.35
10/1919,23.3,19.7,21.5
11/1919,21.6,17.9,19.75
12/1919,20.1,16.7,18.4
01/1920,18.9,15.3,17.1
02/1920,17.8,14.8,16.3
03/1920,19,15.2,17.1
04/1920,20.3,16.9,18.6
05/1920,20.8,17.8,19.3
06/1920,22,19.9,20.95
07/1920,23.3,21,22.15
08/1920,25.7,22.4,24.05
09/1920,24.7,21.8,23.25
10/1920,22.6,19.8,21.2
11/1920,21.4,17.6,19.5
12/1920,19.9,16.5,18.2
01/1921,19.4,13.2,16.3
02/1921,17.5,12.1,14.8
03/1921,17.8,12.6,15.2
04/1921,18.6,13.7,16.15
05/1921,20.1,15.2,17.65
06/1921,20.8,16.5,18.65
07/1921,23.6,18.7,21.15
08/1921,24,18.7,21.35
09/1921,23.9,18.9,21.4
10/1921,22.8,17.3,20.05
11/1921,20.8,15.5,18.15
12/1921,19.1,13.5,16.3
01/1922,17.8,12.4,15.1
02/1922,17.4,12.4,14.9
03/1922,17.2,11.8,14.5
04/1922,19,13.5,16.25
05/1922,20.2,15.3,17.75
06/1922,22,17.6,19.8
07/1922,24.8,19.7,22.25
08/1922,26.7,20.7,23.7
09/1922,25.3,19.8,22.55
10/1922,24.5,18.4,21.45
11/1922,21.3,15.8,18.55
12/1922,19.1,13.6,16.35
01/1923,17.4,12.4,14.9
02/1923,18.3,12.8,15.55
03/1923,20.2,14.4,17.3
04/1923,20.1,14.4,17.25
05/1923,20.7,15.8,18.25
06/1923,22.2,17.5,19.85
07/1923,24.1,19.6,21.85
08/1923,26.3,20.6,23.45
09/1923,25.2,19.3,22.25
10/1923,24,18.6,21.3
11/1923,21.2,15.8,18.5
12/1923,19.2,13.7,16.45
01/1924,18.9,13.3,16.1
02/1924,16.8,11.9,14.35
03/1924,18.6,14.3,16.45
04/1924,19.3,14,16.65
05/1924,20.7,15.6,18.15
06/1924,21.8,17,19.4
07/1924,24.1,18.9,21.5
08/1924,24.1,19.4,21.75
09/1924,24.1,19.1,21.6
10/1924,23.2,18,20.6
11/1924,21,15.6,18.3
12/1924,19.6,14.6,17.1
01/1925,18.9,14.2,16.55
02/1925,18.1,12.4,15.25
03/1925,17.3,12.7,15
04/1925,18.7,13.7,16.2
05/1925,20,15.3,17.65
06/1925,20.6,16.8,18.7
07/1925,22.2,17.8,20
08/1925,23.7,19.3,21.5
09/1925,24.8,19.5,22.15
10/1925,23.2,18.3,20.75
11/1925,21,16.1,18.55
12/1925,20.5,16.1,18.3
01/1926,18.4,13.6,16
02/1926,20,14.4,17.2
03/1926,19.2,14,16.6
04/1926,19.5,14.9,17.2
05/1926,20.3,15.9,18.1
06/1926,21.9,18.2,20.05
07/1926,24,19.5,21.75
08/1926,24.8,20.7,22.75
09/1926,25.2,20.6,22.9
10/1926,24.4,19.8,22.1
11/1926,21.3,16.4,18.85
12/1926,19.2,15.1,17.15
01/1927,19,14.3,16.65
02/1927,18,13.5,15.75
03/1927,18.3,14,16.15
04/1927,19,14.7,16.85
05/1927,20.5,16.7,18.6
06/1927,22.2,18.4,20.3
07/1927,23.7,19.8,21.75
08/1927,25,20.8,22.9
09/1927,24.4,20,22.2
10/1927,23.5,19.4,21.45
11/1927,21.9,17.3,19.6
12/1927,20,16.8,18.4
01/1928,18.6,15.5,17.05
02/1928,19.3,14.9,17.1
03/1928,20.4,15.2,17.8
04/1928,20.6,15.9,18.25
05/1928,21.4,16.8,19.1
06/1928,23.5,18.5,21
07/1928,23.9,19.4,21.65
08/1928,24.4,19.9,22.15
09/1928,24.3,20.1,22.2
10/1928,23,18.7,20.85
11/1928,21.2,16.1,18.65
12/1928,19.6,14.3,16.95
01/1929,20,15.2,17.6
02/1929,18.6,15,16.8
03/1929,18.8,14,16.4
04/1929,18.6,14.4,16.5
05/1929,19.5,15.4,17.45
06/1929,21.3,17.5,19.4
07/1929,23.5,18.8,21.15
08/1929,23.7,20.1,21.9
09/1929,24.2,19.9,22.05
10/1929,24.1,19.4,21.75
11/1929,21.5,13.6,17.55
12/1929,20.2,15.4,17.8
01/1930,19.3,14.1,16.7
02/1930,17.9,13,15.45
03/1930,18.6,13.8,16.2
04/1930,18.9,13.8,16.35
05/1930,20.8,16,18.4
06/1930,21.8,17.4,19.6
07/1930,23.8,19.2,21.5
08/1930,25.3,20.4,22.85
09/1930,25.5,20.7,23.1
10/1930,25.5,19.6,22.55
11/1930,22.8,16.7,19.75
12/1930,20.1,13.6,16.85
01/1931,18.8,13.5,16.15
02/1931,18.6,12.6,15.6
03/1931,19.4,13.8,16.6
04/1931,18.9,13.6,16.25
05/1931,21.3,15.6,18.45
06/1931,22.4,17.5,19.95
07/1931,23.5,18.4,20.95
08/1931,24.6,19.4,22
09/1931,24.7,18.8,21.75
10/1931,24.2,18.6,21.4
11/1931,22.5,16.4,19.45
12/1931,19.9,13.5,16.7
01/1932,19.5,13.8,16.65
02/1932,18.9,13.3,16.1
03/1932,19.1,13.5,16.3
04/1932,19.6,13.6,16.6
05/1932,20.3,15.2,17.75
06/1932,22,17.3,19.65
07/1932,23.2,18.7,20.95
08/1932,24.8,19.5,22.15
09/1932,24.5,19.3,21.9
10/1932,23.3,17.4,20.35
11/1932,21.3,15.9,18.6
12/1932,19.4,13.9,16.65
01/1933,18.3,12.8,15.55
02/1933,18.8,13.1,15.95
03/1933,19.1,13.9,16.5
04/1933,20.6,14.4,17.5
05/1933,21,15.8,18.4
06/1933,21.9,17.1,19.5
07/1933,23.4,18.4,20.9
08/1933,24.4,19.4,21.9
09/1933,24.6,18.6,21.6
10/1933,23.7,16.5,20.1
11/1933,21,13,17
12/1933,19,10.9,14.95
01/1934,18.2,10.5,14.35
02/1934,17.7,9.9,13.8
03/1934,18.5,10.5,14.5
04/1934,18.6,11.7,15.15
05/1934,20,12.9,16.45
06/1934,22.3,15.5,18.9
07/1934,23.4,17.3,20.35
08/1934,24,17.1,20.55
09/1934,24.6,17.4,21
10/1934,23.6,16.9,20.25
11/1934,20.7,14.3,17.5
12/1934,20.8,13.9,17.35
01/1935,19.2,11.8,15.5
02/1935,18,11.1,14.55
03/1935,19.1,12.1,15.6
04/1935,21.1,13,17.05
05/1935,20.6,13.7,17.15
06/1935,21.9,15.4,18.65
07/1935,23.5,17.6,20.55
08/1935,23.5,17.3,20.4
09/1935,24.4,17.5,20.95
10/1935,23,15.7,19.35
11/1935,21.4,14.8,18.1
12/1935,19.9,13.6,16.75
01/1936,19.8,13.4,16.6
02/1936,18.6,12.6,15.6
03/1936,18.8,12.6,15.7
04/1936,19.4,12.5,15.95
05/1936,19.2,13.1,16.15
06/1936,21.4,15.4,18.4
07/1936,23.6,18.3,20.95
08/1936,24,18.2,21.1
09/1936,25.2,18.9,22.05
10/1936,23.1,17.1,20.1
11/1936,20.9,15,17.95
12/1936,19.1,14.2,16.65
01/1937,18.8,13.2,16
02/1937,19.8,13.6,16.7
03/1937,19,13.5,16.25
04/1937,20.6,15.1,17.85
05/1937,20.9,15.4,18.15
06/1937,22.2,17.4,19.8
07/1937,24.3,19,21.65
08/1937,25.2,20.1,22.65
09/1937,25,19.6,22.3
10/1937,23,17.5,20.25
11/1937,21.6,17.1,19.35
12/1937,19.5,13.8,16.65
01/1938,18.5,12.4,15.45
02/1938,18.6,13.8,16.2
03/1938,19.1,13.7,16.4
04/1938,20.3,14.9,17.6
05/1938,20.6,15.1,17.85
06/1938,22,17.4,19.7
07/1938,23.5,18.1,20.8
08/1938,24,18.9,21.45
09/1938,23.9,18.5,21.2
10/1938,23.3,17.5,20.4
11/1938,22.3,16.8,19.55
12/1938,19.6,14.1,16.85
01/1939,18.6,14.2,16.4
02/1939,19.1,13.8,16.45
03/1939,18.3,13.1,15.7
04/1939,19.6,14.4,17
05/1939,21,15.8,18.4
06/1939,22.1,17.6,19.85
07/1939,24,19.6,21.8
08/1939,24.2,19.6,21.9
09/1939,25.6,21,23.3
10/1939,23,17.8,20.4
11/1939,21.5,15.3,18.4
12/1939,19.3,14.3,16.8
01/1940,18.4,13.6,16
02/1940,18.6,13.2,15.9
03/1940,19.3,14.3,16.8
04/1940,19.4,14.6,17
05/1940,20.2,15.6,17.9
06/1940,21.7,17.3,19.5
07/1940,23.3,18.8,21.05
08/1940,26.4,20.8,23.6
09/1940,24.5,19.6,22.05
10/1940,23.2,18,20.6
11/1940,22.8,16.6,19.7
12/1940,19,13.9,16.45
01/1941,18.2,13.6,15.9
02/1941,18.3,13.4,15.85
03/1941,18.5,13.4,15.95
04/1941,19,14,16.5
05/1941,19.7,15.2,17.45
06/1941,22.2,18,20.1
07/1941,24.4,19.6,22
08/1941,24.2,19.7,21.95
09/1941,24.4,19.7,22.05
10/1941,24,18.7,21.35
11/1941,21.8,17,19.4
12/1941,19.4,14.6,17
01/1942,18.2,12.7,15.45
02/1942,17.7,12.6,15.15
03/1942,18.6,14.1,16.35
04/1942,19.4,14.6,17
05/1942,20,15.5,17.75
06/1942,21.6,18.1,19.85
07/1942,23,18.5,20.75
08/1942,24.3,19,21.65
09/1942,24.1,19.1,21.6
10/1942,23.8,17.7,20.75
11/1942,20.3,15.2,17.75
12/1942,19.5,14.8,17.15
01/1943,19,13.7,16.35
02/1943,18.3,13,15.65
03/1943,17.8,12.7,15.25
04/1943,19.3,14.5,16.9
05/1943,20.1,15.7,17.9
06/1943,22.9,18.3,20.6
07/1943,24,19.1,21.55
08/1943,25.7,20.4,23.05
09/1943,24.3,19.2,21.75
10/1943,22.6,17.9,20.25
11/1943,20.9,15,17.95
12/1943,19,14.1,16.55
01/1944,18.6,13.7,16.15
02/1944,18.3,12.9,15.6
03/1944,18,13.8,15.9
04/1944,21.2,15.5,18.35
05/1944,20.7,16,18.35
06/1944,21.4,18,19.7
07/1944,23.5,19.5,21.5
08/1944,24.8,20.6,22.7
09/1944,24.2,19.7,21.95
10/1944,23.1,17.8,20.45
11/1944,21.1,15.6,18.35
12/1944,19,13.5,16.25
01/1945,16.9,12.4,14.65
02/1945,18.8,12.5,15.65
03/1945,20,13.6,16.8
04/1945,20.7,14.9,17.8
05/1945,20.6,15.7,18.15
06/1945,22.6,18,20.3
07/1945,23.3,18.8,21.05
08/1945,23.3,19,21.15
09/1945,23.6,19.1,21.35
10/1945,23.7,18.5,21.1
11/1945,21.6,16.7,19.15
12/1945,20.3,15.8,18.05
01/1946,18.9,13.5,16.2
02/1946,19.3,13.1,16.2
03/1946,18.3,12.9,15.6
04/1946,18.9,14,16.45
05/1946,19.9,15.2,17.55
06/1946,21.7,17.7,19.7
07/1946,23.2,18.5,20.85
08/1946,23.8,19.6,21.7
09/1946,25.5,19.6,22.55
10/1946,23.2,18.5,20.85
11/1946,20.9,15.8,18.35
12/1946,19.5,14.2,16.85
01/1947,18.6,13.1,15.85
02/1947,18.3,13.4,15.85
03/1947,19.3,14.5,16.9
04/1947,20.6,14.8,17.7
05/1947,19.8,15.2,17.5
06/1947,22.7,17.8,20.25
07/1947,23,19.1,21.05
08/1947,24.5,19.8,22.15
09/1947,24.6,19.5,22.05
10/1947,23.5,18.6,21.05
11/1947,24.1,18.5,21.3
12/1947,20.5,15.9,18.2
01/1948,20.4,15.4,17.9
02/1948,19.8,14.1,16.95
03/1948,20.5,14.7,17.6
04/1948,18.9,14,16.45
05/1948,20.4,15.7,18.05
06/1948,22.4,18.2,20.3
07/1948,23.2,19.1,21.15
08/1948,24.6,19.9,22.25
09/1948,24.5,19.8,22.15
10/1948,23.8,18.8,21.3
11/1948,23.3,17.7,20.5
12/1948,20.9,16,18.45
01/1949,19.7,14,16.85
02/1949,20.2,14.1,17.15
03/1949,19,12.7,15.85
04/1949,20.3,14.5,17.4
05/1949,19.9,14.2,17.05
06/1949,23.3,17.1,20.2
07/1949,25.4,18.7,22.05
08/1949,27,20.2,23.6
09/1949,26,19.1,22.55
10/1949,24.9,18.3,21.6
11/1949,23.5,16.5,20
12/1949,20,14.2,17.1
01/1950,18.5,12.4,15.45
02/1950,19.1,13.1,16.1
03/1950,19.5,13.1,16.3
04/1950,19.8,13.7,16.75
05/1950,20.8,14.7,17.75
06/1950,22,16.3,19.15
07/1950,25.1,18.5,21.8
08/1950,26,19.2,22.6
09/1950,25.5,19,22.25
10/1950,23.7,17.3,20.5
11/1950,22.2,16.6,19.4
12/1950,20.2,13.9,17.05
01/1951,20,13.1,16.55
02/1951,18.7,12.5,15.6
03/1951,20.8,14.7,17.75
04/1951,20,14.4,17.2
05/1951,20.5,14.8,17.65
06/1951,23,17.2,20.1
07/1951,24.1,18.2,21.15
08/1951,25.4,18.9,22.15
09/1951,25.8,18.9,22.35
10/1951,24,17.6,20.8
11/1951,21.9,15.9,18.9
12/1951,20.1,14.1,17.1
01/1952,18.7,12.5,15.6
02/1952,18.2,12.9,15.55
03/1952,19.4,13.8,16.6
04/1952,19.2,13,16.1
05/1952,20.4,14.7,17.55
06/1952,23.3,17.2,20.25
07/1952,24.9,18.5,21.7
08/1952,25.1,19.3,22.2
09/1952,25.2,18.2,21.7
10/1952,25.5,18.8,22.15
11/1952,22.3,15.8,19.05
12/1952,20.7,14.2,17.45
01/1953,19.2,14,16.6
02/1953,18.4,12.2,15.3
03/1953,19.2,13.2,16.2
04/1953,19.9,14.6,17.25
05/1953,21.5,15.6,18.55
06/1953,22.5,16.9,19.7
07/1953,24.3,18.6,21.45
08/1953,25.8,19.2,22.5
09/1953,26.2,19.5,22.85
10/1953,23.4,17.5,20.45
11/1953,21.8,16,18.9
12/1953,19.5,13.2,16.35
01/1954,18.2,12.7,15.45
02/1954,17.8,11.7,14.75
03/1954,18.5,12.9,15.7
04/1954,18.8,12.6,15.7
05/1954,20.4,14.8,17.6
06/1954,22,16.7,19.35
07/1954,23.5,17.2,20.35
08/1954,24.3,18.2,21.25
09/1954,24.9,18.1,21.5
10/1954,25.1,17.7,21.4
11/1954,21.5,15.8,18.65
12/1954,20.2,14.4,17.3
01/1955,19.7,13.9,16.8
02/1955,19.6,13.5,16.55
03/1955,18.6,13,15.8
04/1955,20.2,13.9,17.05
05/1955,22.5,15.9,19.2
06/1955,23.5,17.7,20.6
07/1955,24.2,18.2,21.2
08/1955,25.4,19.1,22.25
09/1955,25.9,19.4,22.65
10/1955,23.6,17.6,20.6
11/1955,21.8,16.4,19.1
12/1955,21.1,14.6,17.85
01/1956,18.7,12.8,15.75
02/1956,17.5,12.7,15.1
03/1956,18.6,12,15.3
04/1956,18.9,13.2,16.05
05/1956,20.9,14.6,17.75
06/1956,21.4,16.1,18.75
07/1956,23.5,17.5,20.5
08/1956,25.5,18.7,22.1
09/1956,24,17.5,20.75
10/1956,24.7,17.5,21.1
11/1956,20.5,15.5,18
12/1956,19.5,13.4,16.45
01/1957,18.3,11.7,15
02/1957,18.7,12.3,15.5
03/1957,19.1,12.9,16
04/1957,19.4,13,16.2
05/1957,20.3,14.1,17.2
06/1957,22.1,15.9,19
07/1957,25.4,18.4,21.9
08/1957,25.4,18.8,22.1
09/1957,26.8,19.3,23.05
10/1957,23.9,17.3,20.6
11/1957,21.7,15.2,18.45
12/1957,19.2,12.9,16.05
01/1958,18.7,13,15.85
02/1958,19.3,13.6,16.45
03/1958,19.6,13.6,16.6
04/1958,20.2,13.2,16.7
05/1958,21.1,14.9,18
06/1958,22,16.7,19.35
07/1958,23.7,17.6,20.65
08/1958,24.9,18.6,21.75
09/1958,25.5,18.8,22.15
10/1958,25.5,18.8,22.15
11/1958,22.2,15.1,18.65
12/1958,19.9,13.5,16.7
01/1959,18.5,13.2,15.85
02/1959,18.5,12.2,15.35
03/1959,18.7,12.1,15.4
04/1959,19.4,13.1,16.25
05/1959,20.1,14,17.05
06/1959,21.6,15.8,18.7
07/1959,22.9,17.5,20.2
08/1959,24.7,18,21.35
09/1959,25.2,18.7,21.95
10/1959,24.1,17.8,20.95
11/1959,21.2,14.6,17.9
12/1959,20.3,13.6,16.95
01/1960,19.2,13.1,16.15
02/1960,18.9,13.5,16.2
03/1960,19.2,13.3,16.25
04/1960,20.1,13.2,16.65
05/1960,20.8,15.2,18
06/1960,21.9,16.6,19.25
07/1960,23.9,17.9,20.9
08/1960,25,18.8,21.9
09/1960,25.5,18.8,22.15
10/1960,23.9,18,20.95
11/1960,22.4,16.1,19.25
12/1960,19.5,13.5,16.5
01/1961,19,13,16
02/1961,20.6,13,16.8
03/1961,21.7,14.5,18.1
04/1961,21.1,15.6,18.35
05/1961,22.4,16.1,19.25
06/1961,22.4,16.8,19.6
07/1961,24.5,18.1,21.3
08/1961,27,19.3,23.15
09/1961,25.8,18.9,22.35
10/1961,23.9,17.5,20.7
11/1961,21.8,15.8,18.8
12/1961,21.4,14.4,17.9
01/1962,18.9,12.4,15.65
02/1962,19.1,12.9,16
03/1962,19,13.8,16.4
04/1962,19.7,13.1,16.4
05/1962,20.8,14.8,17.8
06/1962,21.8,16.6,19.2
07/1962,24,18.1,21.05
08/1962,25.5,18.8,22.15
09/1962,25.2,19,22.1
10/1962,23.3,17.4,20.35
11/1962,20.7,14.8,17.75
12/1962,19.7,14.6,17.15
01/1963,18.7,13,15.85
02/1963,18.4,12,15.2
03/1963,19.7,13.5,16.6
04/1963,19.5,13.5,16.5
05/1963,20,14,17
06/1963,21.2,15.9,18.55
07/1963,24.2,17.9,21.05
08/1963,24.4,18.3,21.35
09/1963,24.8,17.6,21.2
10/1963,24.1,17.2,20.65
11/1963,22.1,16.1,19.1
12/1963,19.1,13,16.05
01/1964,18.4,13.2,15.8
02/1964,19.2,13.2,16.2
03/1964,19.2,12.9,16.05
04/1964,18.9,13.1,16
05/1964,21.9,15.4,18.65
06/1964,22.5,16.8,19.65
07/1964,23.7,17.7,20.7
08/1964,24.4,18.3,21.35
09/1964,25.1,18.4,21.75
10/1964,24.2,17.6,20.9
11/1964,22.9,15.9,19.4
12/1964,19.7,13.2,16.45
01/1965,18.8,12.4,15.6
02/1965,18.4,13.2,15.8
03/1965,20.1,13.2,16.65
04/1965,19.9,13.2,16.55
05/1965,22,15.4,18.7
06/1965,23,17,20
07/1965,24,17.7,20.85
08/1965,25.1,18.7,21.9
09/1965,24.6,18.1,21.35
10/1965,23.1,16.8,19.95
11/1965,20.6,14.3,17.45
12/1965,19.9,13.5,16.7
01/1966,19.9,14.6,17.25
02/1966,19.3,13.5,16.4
03/1966,19,13,16
04/1966,20.9,14.3,17.6
05/1966,21.6,14.9,18.25
06/1966,22.8,16.9,19.85
07/1966,22.9,17.5,20.2
08/1966,26,19,22.5
09/1966,25.9,19.2,22.55
10/1966,24,17.9,20.95
11/1966,20.4,14.7,17.55
12/1966,19.4,12.8,16.1
01/1967,19.8,13.1,16.45
02/1967,19.8,11.9,15.85
03/1967,21.1,13.6,17.35
04/1967,18.8,12.4,15.6
05/1967,20.1,13.5,16.8
06/1967,21.6,15.7,18.65
07/1967,23.8,17.4,20.6
08/1967,25.3,18.2,21.75
09/1967,25.3,18.7,22
10/1967,24.4,17.8,21.1
11/1967,20.7,14.8,17.75
12/1967,19.4,13.2,16.3
01/1968,18.7,12.3,15.5
02/1968,18.6,12.6,15.6
03/1968,17.8,11.4,14.6
04/1968,18.8,12.5,15.65
05/1968,20.5,13.9,17.2
06/1968,22.3,16.3,19.3
07/1968,23.9,17.7,20.8
08/1968,25.7,19.1,22.4
09/1968,26.2,19.1,22.65
10/1968,25.4,18.2,21.8
11/1968,22.2,15.9,19.05
12/1968,20.1,13.1,16.6
01/1969,20.4,13.8,17.1
02/1969,19,13.8,16.4
03/1969,19.3,13.9,16.6
04/1969,19.2,12.6,15.9
05/1969,20,13.7,16.85
06/1969,21.6,16.1,18.85
07/1969,24.4,18.1,21.25
08/1969,25.5,19,22.25
09/1969,24.9,18,21.45
10/1969,23.3,16.9,20.1
11/1969,21.8,15.6,18.7
12/1969,18.9,13.2,16.05
01/1970,18.4,13.8,16.1
02/1970,18.3,12,15.15
03/1970,17.9,12.4,15.15
04/1970,19.9,12.8,16.35
05/1970,21.6,14.7,18.15
06/1970,21.5,15.9,18.7
07/1970,23.6,17.8,20.7
08/1970,24.8,18.5,21.65
09/1970,25.3,18.4,21.85
10/1970,23.9,17.5,20.7
11/1970,22.4,15.2,18.8
12/1970,19.4,12.5,15.95
01/1971,19.4,13.8,16.6
02/1971,18.9,12.1,15.5
03/1971,18.3,11.8,15.05
04/1971,18.7,12.4,15.55
05/1971,19.6,13.5,16.55
06/1971,21.6,15.4,18.5
07/1971,23.7,17.9,20.8
08/1971,24.6,18.1,21.35
09/1971,24.4,17.9,21.15
10/1971,26.1,18.8,22.45
11/1971,22.3,16.2,19.25
12/1971,20,13.1,16.55
01/1972,18.8,12.6,15.7
02/1972,17.8,11.3,14.55
03/1972,17.8,11.4,14.6
04/1972,19.7,12.9,16.3
05/1972,20,13.5,16.75
06/1972,21.4,15.6,18.5
07/1972,23.9,17.6,20.75
08/1972,25.1,18.3,21.7
09/1972,25.2,18.4,21.8
10/1972,22.8,16.8,19.8
11/1972,21.2,14.9,18.05
12/1972,19.5,12.7,16.1
01/1973,18.7,12.6,15.65
02/1973,18.5,12.2,15.35
03/1973,20,13.2,16.6
04/1973,19.9,13.4,16.65
05/1973,20.3,14,17.15
06/1973,21.5,15.7,18.6
07/1973,23.8,17.3,20.55
08/1973,24.7,18.2,21.45
09/1973,25.4,18.5,21.95
10/1973,23.5,17.3,20.4
11/1973,21.6,15.6,18.6
12/1973,19.7,13.2,16.45
01/1974,19.4,12.7,16.05
02/1974,18.9,12.9,15.9
03/1974,18.2,12.2,15.2
04/1974,18.4,12.2,15.3
05/1974,20.4,14.6,17.5
06/1974,21.9,16,18.95
07/1974,23.7,17.5,20.6
08/1974,24.4,17.8,21.1
09/1974,24.3,17.9,21.1
10/1974,23.6,16.6,20.1
11/1974,22.3,14.8,18.55
12/1974,20.4,13.7,17.05
01/1975,19.3,13.2,16.25
02/1975,19.2,12.1,15.65
03/1975,19.4,12.2,15.8
04/1975,19.2,13.6,16.4
05/1975,20.4,13.7,17.05
06/1975,22,15.5,18.75
07/1975,24.9,17.9,21.4
08/1975,26,18.8,22.4
09/1975,25.6,18.1,21.85
10/1975,24.1,16.9,20.5
11/1975,22.4,16.2,19.3
12/1975,18.8,12.5,15.65
01/1976,18.7,12.2,15.45
02/1976,19,12.1,15.55
03/1976,18.9,12.4,15.65
04/1976,18.9,12.3,15.6
05/1976,19.7,13.4,16.55
06/1976,22.5,16.4,19.45
07/1976,25.5,19.3,22.4
08/1976,28.6,21,24.8
09/1976,26.5,19.6,23.05
10/1976,24.4,17.5,20.95
11/1976,21.8,15.2,18.5
12/1976,20.2,13.6,16.9
01/1977,19.3,13.1,16.2
02/1977,19.5,12.9,16.2
03/1977,20.3,14.1,17.2
04/1977,19.8,14,16.9
05/1977,20.8,14.9,17.85
06/1977,22.1,16.6,19.35
07/1977,24.1,17.6,20.85
08/1977,25.3,18.7,22
09/1977,25.5,19.2,22.35
10/1977,23.9,17.4,20.65
11/1977,22.6,16,19.3
12/1977,20,14.9,17.45
01/1978,18.4,12.6,15.5
02/1978,19,14.1,16.55
03/1978,19.4,12.6,16
04/1978,19.2,13.6,16.4
05/1978,20.4,14.4,17.4
06/1978,21.5,15.8,18.65
07/1978,24.6,17.9,21.25
08/1978,24.8,18.9,21.85
09/1978,27,20.1,23.55
10/1978,23.6,17.4,20.5
11/1978,22,16,19
12/1978,20.7,15.5,18.1
01/1979,18.2,13.2,15.7
02/1979,19.4,14.1,16.75
03/1979,18.2,12.7,15.45
04/1979,19.7,13.8,16.75
05/1979,20.7,15.1,17.9
06/1979,22.3,17,19.65
07/1979,23.7,17.8,20.75
08/1979,25.3,18.7,22
09/1979,25.1,18.7,21.9
10/1979,23.6,17.6,20.6
11/1979,22.4,16,19.2
12/1979,20.9,14.5,17.7
01/1980,19.1,13.8,16.45
02/1980,19.4,13.3,16.35
03/1980,19.4,13.3,16.35
04/1980,19.9,13.7,16.8
05/1980,21.4,15.3,18.35
06/1980,22.9,17,19.95
07/1980,24.2,17.9,21.05
08/1980,26.6,19.8,23.2
09/1980,25.7,19.2,22.45
10/1980,24,18.2,21.1
11/1980,21.7,15.6,18.65
12/1980,20,14.4,17.2
01/1981,19.4,12.9,16.15
02/1981,18.5,11.9,15.2
03/1981,20.5,14.1,17.3
04/1981,19,13.2,16.1
05/1981,20.4,14.1,17.25
06/1981,23.4,17.7,20.55
07/1981,24.3,17.8,21.05
08/1981,24.7,18.3,21.5
09/1981,25.9,19.2,22.55
10/1981,24.1,17.5,20.8
11/1981,23.7,17.5,20.6
12/1981,21.1,14.9,18
01/1982,20.1,13.5,16.8
02/1982,19.6,13.3,16.45
03/1982,19.4,12.7,16.05
04/1982,19.4,13.9,16.65
05/1982,21,14.8,17.9
06/1982,22.8,16.8,19.8
07/1982,24,17.9,20.95
08/1982,25.4,18.9,22.15
09/1982,24.6,18.6,21.6
10/1982,24,17.5,20.75
11/1982,22,15.7,18.85
12/1982,19.9,14.3,17.1
01/1983,19.6,13.6,16.6
02/1983,19,12.9,15.95
03/1983,20,13.7,16.85
04/1983,19.7,13.7,16.7
05/1983,20.3,14.3,17.3
06/1983,23.4,17.1,20.25
07/1983,24,18.3,21.15
08/1983,25.3,18.8,22.05
09/1983,26.1,19.6,22.85
10/1983,25.6,18.6,22.1
11/1983,22.2,16.1,19.15
12/1983,20.5,14.3,17.4
01/1984,18.9,12.8,15.85
02/1984,18.7,11.8,15.25
03/1984,18.8,12.9,15.85
04/1984,19.8,14.1,16.95
05/1984,20,13.8,16.9
06/1984,21.5,15.9,18.7
07/1984,24.1,17.5,20.8
08/1984,24.7,18.2,21.45
09/1984,25.5,18.9,22.2
10/1984,24.6,17,20.8
11/1984,22.4,15.3,18.85
12/1984,19.8,13.5,16.65
01/1985,18.7,12.5,15.6
02/1985,18.7,12.9,15.8
03/1985,19,12.7,15.85
04/1985,20.4,13.2,16.8
05/1985,20.1,14.4,17.25
06/1985,22.6,16.6,19.6
07/1985,24.5,17.8,21.15
08/1985,26.1,18.6,22.35
09/1985,26.6,19.7,23.15
10/1985,25.4,18.3,21.85
11/1985,22.6,16.5,19.55
12/1985,20.8,14.7,17.75
01/1986,19.7,13,16.35
02/1986,19.3,12.4,15.85
03/1986,19,12.2,15.6
04/1986,18.7,12.7,15.7
05/1986,22.3,15,18.65
06/1986,21.9,16.3,19.1
07/1986,24.2,18.1,21.15
08/1986,25.4,18.6,22
09/1986,25.9,19.3,22.6
10/1986,24.8,17.6,21.2
11/1986,22.3,15.4,18.85
12/1986,20.6,14.8,17.7
01/1987,20.2,14.7,17.45
02/1987,20,14.2,17.1
03/1987,21.3,14.1,17.7
04/1987,21.1,14.9,18
05/1987,21.8,15.6,18.7
06/1987,24,18.1,21.05
07/1987,24.9,19.1,22
08/1987,26.9,20.2,23.55
09/1987,28.7,21,24.85
10/1987,24.3,17.8,21.05
11/1987,22.3,15.7,19
12/1987,20.4,14.5,17.45
01/1988,18.7,12.7,15.7
02/1988,18.7,12.1,15.4
03/1988,20,12.3,16.15
04/1988,20.6,14.5,17.55
05/1988,21.4,15.2,18.3
06/1988,22.6,16.6,19.6
07/1988,25,18.3,21.65
08/1988,25.9,19.4,22.65
09/1988,26.8,19.3,23.05
10/1988,24.3,17.8,21.05
11/1988,21.9,15.5,18.7
12/1988,20.3,14.9,17.6
01/1989,19.1,12.7,15.9
02/1989,19.8,13.5,16.65
03/1989,21.3,13.6,17.45
04/1989,20,13.5,16.75
05/1989,21.8,15.3,18.55
06/1989,23.8,17.9,20.85
07/1989,26.1,20,23.05
08/1989,27.2,20.3,23.75
09/1989,26.1,19.4,22.75
10/1989,24.6,18.2,21.4
11/1989,21.4,15.2,18.3
12/1989,20.3,14.7,17.5
01/1990,19.2,12.1,15.65
02/1990,21,12.9,16.95
03/1990,21.7,14.5,18.1
04/1990,19.8,13.3,16.55
05/1990,22.2,15.6,18.9
06/1990,23.1,17.3,20.2
07/1990,25.5,19.2,22.35
08/1990,27.8,20.6,24.2
09/1990,25.8,19.7,22.75
10/1990,24.5,17.7,21.1
11/1990,22.4,16.1,19.25
12/1990,20.1,13.7,16.9
01/1991,19.6,12.9,16.25
02/1991,19,12.3,15.65
03/1991,19.7,13.1,16.4
04/1991,19.9,13.1,16.5
05/1991,21.4,14.2,17.8
06/1991,23.2,17,20.1
07/1991,24.8,18.6,21.7
08/1991,26.6,19.9,23.25
09/1991,27.3,20.5,23.9
10/1991,24.4,18,21.2
11/1991,22.2,16.3,19.25
12/1991,20.8,14.9,17.85
01/1992,19.3,13.8,16.55
02/1992,19,12.8,15.9
03/1992,20.9,14,17.45
04/1992,21.8,15.2,18.5
05/1992,21.6,15.9,18.75
06/1992,22.2,16.8,19.5
07/1992,24.1,18.5,21.3
08/1992,25.8,19.6,22.7
09/1992,25.7,19.4,22.55
10/1992,23,17.7,20.35
11/1992,22.7,15.7,19.2
12/1992,20.6,14.1,17.35
01/1993,19.1,12.7,15.9
02/1993,19.4,13.1,16.25
03/1993,19.3,13.4,16.35
04/1993,19.8,13.8,16.8
05/1993,20.4,14.6,17.5
06/1993,22.4,17,19.7
07/1993,23.9,18.4,21.15
08/1993,24.8,19,21.9
09/1993,25.1,19.2,22.15
10/1993,22.9,17.4,20.15
11/1993,20.9,15,17.95
12/1993,19.3,14,16.65
01/1994,19.1,12.8,15.95
02/1994,19.6,13.2,16.4
03/1994,19.5,13.5,16.5
04/1994,20.1,13.8,16.95
05/1994,20.8,15.4,18.1
06/1994,22.5,17.1,19.8
07/1994,24.2,18.5,21.35
08/1994,25.1,19.6,22.35
09/1994,25.4,19.5,22.45
10/1994,24.9,18.9,21.9
11/1994,23.4,17.5,20.45
12/1994,21.2,15.9,18.55
01/1995,20.6,14.4,17.5
02/1995,20.3,14.2,17.25
03/1995,21.1,14.6,17.85
04/1995,21.2,15.5,18.35
05/1995,22.4,17.4,19.9
06/1995,23.7,18.8,21.25
07/1995,24.8,19.8,22.3
08/1995,26.3,20.5,23.4
09/1995,26.5,20.1,23.3
10/1995,25.8,19.8,22.8
11/1995,23.6,17.3,20.45
12/1995,21,15.9,18.45
01/1996,19.6,13.8,16.7
02/1996,18.1,12.3,15.2
03/1996,18.9,13.3,16.1
04/1996,20.4,14.4,17.4
05/1996,20.8,15.4,18.1
06/1996,22.5,17.5,20
07/1996,24.3,19,21.65
08/1996,26.1,19.9,23
09/1996,26,19.9,22.95
10/1996,26,18.3,22.15
11/1996,23.2,16.4,19.8
12/1996,20.4,15.2,17.8
01/1997,19.1,13.9,16.5
02/1997,20.1,13,16.55
03/1997,21.5,14.4,17.95
04/1997,21.4,15.5,18.45
05/1997,21.7,16.3,19
06/1997,23,18,20.5
07/1997,24.4,19,21.7
08/1997,25.4,20,22.7
09/1997,25.6,20.1,22.85
10/1997,25.1,19.6,22.35
11/1997,23.4,17.9,20.65
12/1997,21.6,16.3,18.95
01/1998,19.4,14.4,16.9
02/1998,20.3,15.4,17.85
03/1998,22.4,16.2,19.3
04/1998,20.4,14.8,17.6
05/1998,20.8,15.4,18.1
06/1998,23,17.8,20.4
07/1998,24.7,19,21.85
08/1998,26,19.9,22.95
09/1998,26.5,20.5,23.5
10/1998,25,19.2,22.1
11/1998,24.2,18.1,21.15
12/1998,20.8,15.4,18.1
01/1999,19.8,13.9,16.85
02/1999,19.6,13.2,16.4
03/1999,19.5,13.3,16.4
04/1999,21.5,14.6,18.05
05/1999,22,16.3,19.15
06/1999,22.9,17.9,20.4
07/1999,24.7,20,22.35
08/1999,27.2,21.6,24.4
09/1999,25.5,20.3,22.9
10/1999,24.8,18.6,21.7
11/1999,22,16.5,19.25
12/1999,20.2,14.9,17.55
01/2000,18.4,13,15.7
02/2000,20.2,14.7,17.45
03/2000,20.9,14.4,17.65
04/2000,19.5,14.1,16.8
05/2000,20.3,15.5,17.9
06/2000,22.8,18.2,20.5
07/2000,24.1,19.5,21.8
08/2000,26,20.5,23.25
09/2000,25.8,20.3,23.05
10/2000,25,18.8,21.9
11/2000,22.5,17.1,19.8
12/2000,21.3,15.6,18.45
01/2001,20.2,15.1,17.65
02/2001,20.2,14.4,17.3
03/2001,20.4,15.6,18
04/2001,21.2,15.3,18.25
05/2001,21.6,16.8,19.2
06/2001,24.7,19.2,21.95
07/2001,25.9,20.5,23.2
08/2001,27.1,21.7,24.4
09/2001,26.6,21,23.8
10/2001,25.6,20.1,22.85
11/2001,22.4,17.4,19.9
12/2001,20.9,16.1,18.5
01/2002,20.9,15.4,18.15
02/2002,20.5,14.5,17.5
03/2002,20.8,14.5,17.65
04/2002,20.5,14.5,17.5
05/2002,21.5,16.2,18.85
06/2002,23.3,18.4,20.85
07/2002,25,19.7,22.35
08/2002,26,20.5,23.25
09/2002,26.2,20.8,23.5
10/2002,25.6,19.8,22.7
11/2002,23.7,17.8,20.75
12/2002,21.5,16.4,18.95
01/2003,20.6,14.9,17.75
02/2003,19.7,14.4,17.05
03/2003,20.1,14.8,17.45
04/2003,20.1,15.4,17.75
05/2003,23.2,16.9,20.05
06/2003,23.9,19.3,21.6
07/2003,26,20.6,23.3
08/2003,27.8,21.9,24.85
09/2003,28.1,21.6,24.85
10/2003,24.7,19,21.85
11/2003,22,16.8,19.4
12/2003,21.5,16.2,18.85
01/2004,20.4,15.1,17.75
02/2004,21.6,15,18.3
03/2004,21,14.8,17.9
04/2004,20.3,15,17.65
05/2004,21.1,15.9,18.5
06/2004,24.8,20,22.4
07/2004,27.1,21.5,24.3
08/2004,28.1,22.2,25.15
09/2004,27.4,21.1,24.25
10/2004,25.5,20,22.75
11/2004,22.5,17.3,19.9
12/2004,20.4,15.1,17.75
01/2005,19.6,14,16.8
02/2005,17.8,13.1,15.45
03/2005,19.7,14.5,17.1
04/2005,21,15.4,18.2
05/2005,22.1,16.7,19.4
06/2005,23.7,18.9,21.3
07/2005,25.4,20.2,22.8
08/2005,26.5,20.7,23.6
09/2005,26.9,20.7,23.8
10/2005,25,19.7,22.35
11/2005,21.9,16.4,19.15
12/2005,20.7,15.1,17.9
01/2006,18.7,14.1,16.4
02/2006,19,13.8,16.4
03/2006,20.3,14.7,17.5
04/2006,21,15.8,18.4
05/2006,22.2,17.1,19.65
06/2006,23.5,18.7,21.1
07/2006,25.6,20.2,22.9
08/2006,26.6,21.1,23.85
09/2006,28,21.4,24.7
10/2006,26.2,20.2,23.2
11/2006,23.8,18.6,21.2
12/2006,20.9,15.8,18.35
01/2007,20.2,14.7,17.45
02/2007,20.5,15.2,17.85
03/2007,21.1,15.1,18.1
04/2007,20.9,15.5,18.2
05/2007,22.4,16.5,19.45
06/2007,23.3,18.5,20.9
07/2007,25.7,20,22.85
08/2007,26,20.3,23.15
09/2007,25.4,20.3,22.85
10/2007,25.3,19.2,22.25
11/2007,23.6,18.1,20.85
12/2007,21.4,15.6,18.5
01/2008,21.6,16.1,18.85
02/2008,20.9,15.4,18.15
03/2008,20.8,15,17.9
04/2008,22.5,16.2,19.35
05/2008,22.4,17.3,19.85
06/2008,23.9,18.8,21.35
07/2008,25.6,20.2,22.9
08/2008,26.9,20.8,23.85
09/2008,25.7,20.3,23
10/2008,24.5,18.6,21.55
11/2008,22,15.8,18.9
12/2008,20.2,15,17.6
01/2009,19.8,14.4,17.1
02/2009,19.2,13.7,16.45
03/2009,20.4,14.6,17.5
04/2009,20.3,15.1,17.7
05/2009,21.3,16.1,18.7
06/2009,23.7,18.9,21.3
07/2009,25.7,20.7,23.2
08/2009,26.6,21.3,23.95
09/2009,26,20.6,23.3
10/2009,25.8,20.6,23.2
11/2009,23.8,18.5,21.15
12/2009,21.5,16.8,19.15
01/2010,20,15.1,17.55
02/2010,20.2,15.6,17.9
03/2010,19.9,15.2,17.55
04/2010,20.3,15.4,17.85
05/2010,21.91,16.23,19.07
06/2010,23.32,18.08,20.7
07/2010,24.5,20.1,22.3
08/2010,25.6,21,23.3
09/2010,25.8,20.9,23.35
10/2010,25,19.7,22.35
11/2010,23.4,17.8,20.6
12/2010,21,15.9,18.45
01/2011,20.13,14.41,17.27
02/2011,20.38,13.84,17.11
03/2011,19.41,13.05,16.23
04/2011,21.27,15.12,18.19
05/2011,22.24,16.39,19.32
06/2011,23.52,18.19,20.86
07/2011,24.95,19.42,22.18
08/2011,26.25,20.63,23.44
09/2011,26.78,20.59,23.68
10/2011,26.67,20.1,23.39
11/2011,22.92,17.18,20.05
12/2011,21.59,15.32,18.46
01/2012,20.17,14.28,17.23
02/2012,19.23,13.02,16.13
03/2012,20.75,13.94,17.35
04/2012,20.75,14.79,17.77
05/2012,23.3,17.45,20.38
06/2012,25.62,19.96,22.79
07/2012,26.31,20.22,23.26
08/2012,27.31,21.67,24.49
09/2012,27.59,21.97,24.78
10/2012,25.73,20.01,22.87
11/2012,22.24,16.97,19.61
12/2012,21.04,15.72,18.38
01/2013,20.53,15.11,17.82
02/2013,20.46,14.31,17.38
03/2013,20.8,15.2,18
04/2013,22.41,15.9,19.15
05/2013,21.39,16.05,18.72
06/2013,22.61,17.72,20.16
07/2013,24.89,20.13,22.51
08/2013,26.71,20.73,23.72
09/2013,25.79,19.89,22.84
10/2013,24.66,19.1,21.88
11/2013,22.97,17.36,20.17
12/2013,20.77,15.97,18.37
01/2014,20.24,14.97,17.61
02/2014,19.56,13.83,16.7
03/2014,20.29,13.94,17.11
04/2014,20.96,14.88,17.92
05/2014,21.97,16.48,19.22
06/2014,23.5,17.82,20.66
07/2014,24.63,19.3,21.96
08/2014,26.81,20.86,23.83
09/2014,26.39,20.72,23.56
10/2014,26.46,20.36,23.41
11/2014,22.8,17.22,20.01
12/2014,20,14.87,17.44
01/2015,19.8,13.8,16.8
02/2015,18.8,13.3,16.05
03/2015,20.2,13.5,16.85
04/2015,20.1,14.8,17.45
05/2015,22.3,17,19.65
06/2015,22.7,17.7,20.2
07/2015,26.2,21,23.6
08/2015,27,21.4,24.2
09/2015,26.6,21,23.8
10/2015,24.7,19.2,21.95
11/2015,22.8,17.2,20
12/2015,22.3,16.9,19.6
01/2016,21.2,16,18.6
02/2016,20.1,14.5,17.3
03/2016,20,14.1,17.05
04/2016,20.6,15.3,17.95
05/2016,21.3,15.7,18.5
06/2016,24.1,19,21.55
07/2016,25,19.6,22.3
08/2016,28,21.4,24.7
09/2016,26.8,20.8,23.8
10/2016,25,19.2,22.1
11/2016,22.6,16.5,19.55
12/2016,21,16.2,18.6
01/2017,19.9,15,17.45
02/2017,20.1,14.2,17.15
03/2017,20.7,14.5,17.6
04/2017,21.9,16,18.95
05/2017,22.8,17.2,20
06/2017,24.4,19.3,21.85
07/2017,25.7,20,22.85
08/2017,26.7,21,23.85
09/2017,26.7,20.5,23.6
10/2017,26.8,20.5,23.65
11/2017,23.6,18.8,21.2
12/2017,20.9,16,18.45
01/2018,20.8,14.5,17.65
02/2018,18.9,13.5,16.2
03/2018,20.7,15.2,17.95
04/2018,20.8,15.3,18.05
05/2018,21.3,16.1,18.7
06/2018,23,18.4,20.7
07/2018,25,19.7,22.35
08/2018,26.6,20.9,23.75
09/2018,26.4,20.9,23.65
10/2018,25.1,19.2,22.15
11/2018,22.2,16.6,19.4
12/2018,22.2,16.6,19.4