date,tmax,tmin,tmed,year,precip,month
1871-01-01,10.1,2.9,6.5,1871,73.4,1
1871-02-01,15.5,8.4,11.95,1871,62.0,2
1871-03-01,16.6,9.1,12.85,1871,69.5,3
1871-04-01,22.3,12.3,17.3,1871,15.3,4
1871-05-01,21.2,13.3,17.25,1871,89.2,5
1871-06-01,23.7,13.7,18.7,1871,46.5,6
1871-07-01,31.1,16.9,24.0,1871,6.4,7
1871-08-01,31.6,17.6,24.6,1871,0.0,8
1871-09-01,23.4,15.0,19.2,1871,118.7,9
1871-10-01,22.6,13.8,18.2,1871,47.4,10
1871-11-01,15.5,9.7,12.6,1871,138.8,11
1871-12-01,10.9,4.8,7.85,1871,79.2,12
1872-01-01,12.4,7.7,10.05,1872,151.7,1
1872-02-01,13.8,7.8,10.8,1872,174.1,2
1872-03-01,16.6,8.8,12.7,1872,82.7,3
1872-04-01,18.6,9.4,14.0,1872,47.2,4
1872-05-01,20.5,11.0,15.75,1872,22.6,5
1872-06-01,28.8,14.9,21.85,1872,0.0,6
1872-07-01,29.8,16.1,22.95,1872,1.2,7
1872-08-01,31.8,17.9,24.85,1872,0.0,8
1872-09-01,27.0,15.8,21.4,1872,10.8,9
1872-10-01,18.6,10.6,14.6,1872,78.8,10
1872-11-01,16.2,9.3,12.75,1872,31.6,11
1872-12-01,11.9,6.4,9.15,1872,97.1,12
1873-01-01,13.2,7.5,10.35,1873,86.7,1
1873-02-01,12.5,5.4,8.95,1873,59.2,2
1873-03-01,14.0,8.2,11.1,1873,109.6,3
1873-04-01,17.9,9.4,13.65,1873,62.0,4
1873-05-01,24.2,14.1,19.15,1873,66.1,5
1873-06-01,24.8,15.0,19.9,1873,37.2,6
1873-07-01,31.1,15.8,23.45,1873,11.2,7
1873-08-01,31.1,17.9,24.5,1873,1.6,8
1873-09-01,28.8,15.9,22.35,1873,0.0,9
1873-10-01,21.2,11.8,16.5,1873,38.1,10
1873-11-01,18.4,9.5,13.95,1873,64.5,11
1873-12-01,16.6,6.1,11.35,1873,30.0,12
1874-01-01,16.8,7.4,12.1,1874,19.6,1
1874-02-01,15.9,7.6,11.75,1874,59.4,2
1874-03-01,19.6,8.4,14.0,1874,14.6,3
1874-04-01,20.8,10.7,15.75,1874,52.6,4
1874-05-01,23.0,12.0,17.5,1874,52.7,5
1874-06-01,25.3,13.8,19.55,1874,4.2,6
1874-07-01,33.1,16.1,24.6,1874,0.2,7
1874-08-01,33.3,17.1,25.2,1874,0.0,8
1874-09-01,28.3,15.9,22.1,1874,25.8,9
1874-10-01,22.7,13.2,17.95,1874,50.1,10
1874-11-01,19.7,10.3,15.0,1874,12.7,11
1874-12-01,13.7,5.3,9.5,1874,54.1,12
1875-01-01,14.9,7.8,11.35,1875,41.4,1
1875-02-01,15.0,5.8,10.4,1875,89.0,2
1875-03-01,17.2,8.3,12.75,1875,63.0,3
1875-04-01,19.8,10.1,14.95,1875,29.8,4
1875-05-01,25.5,13.7,19.6,1875,30.3,5
1875-06-01,28.0,14.4,21.2,1875,25.3,6
1875-07-01,28.7,15.4,22.05,1875,23.8,7
1875-08-01,32.1,16.7,24.4,1875,0.0,8
1875-09-01,30.2,16.1,23.15,1875,13.7,9
1875-10-01,23.6,12.8,18.2,1875,41.1,10
1875-11-01,20.2,10.3,15.25,1875,25.7,11
1875-12-01,13.7,4.0,8.85,1875,34.8,12
1876-01-01,13.0,3.9,8.45,1876,13.5,1
1876-02-01,15.9,6.9,11.4,1876,43.5,2
1876-03-01,16.5,7.3,11.9,1876,53.5,3
1876-04-01,19.6,8.8,14.2,1876,13.9,4
1876-05-01,21.4,11.1,16.25,1876,52.9,5
1876-06-01,24.9,12.5,18.7,1876,13.1,6
1876-07-01,36.1,19.6,27.85,1876,15.0,7
1876-08-01,33.2,16.9,25.05,1876,0.0,8
1876-09-01,29.0,15.5,22.25,1876,5.5,9
1876-10-01,21.8,13.1,17.45,1876,164.4,10
1876-11-01,18.8,11.2,15.0,1876,165.3,11
1876-12-01,14.1,7.7,10.9,1876,404.6,12
1877-01-01,15.3,8.2,11.75,1877,147.9,1
1877-02-01,15.6,6.6,11.1,1877,2.2,2
1877-03-01,16.0,8.1,12.05,1877,44.9,3
1877-04-01,18.4,11.0,14.7,1877,125.4,4
1877-05-01,22.4,13.0,17.7,1877,83.6,5
1877-06-01,25.9,15.3,20.6,1877,21.7,6
1877-07-01,30.2,17.9,24.05,1877,54.8,7
1877-08-01,30.9,17.6,24.25,1877,4.8,8
1877-09-01,26.0,16.1,21.05,1877,90.5,9
1877-10-01,22.7,13.3,18.0,1877,11.4,10
1877-11-01,19.5,9.8,14.65,1877,62.0,11
1877-12-01,14.6,6.8,10.7,1877,31.1,12
1878-01-01,14.4,5.5,9.95,1878,18.2,1
1878-02-01,16.1,7.4,11.75,1878,34.9,2
1878-03-01,18.4,8.8,13.6,1878,52.6,3
1878-04-01,19.1,11.3,15.2,1878,90.8,4
1878-05-01,22.3,12.2,17.25,1878,51.3,5
1878-06-01,27.1,13.9,20.5,1878,3.3,6
1878-07-01,31.4,17.1,24.25,1878,0.0,7
1878-08-01,28.1,16.5,22.3,1878,15.7,8
1878-09-01,29.6,16.4,23.0,1878,10.6,9
1878-10-01,21.8,13.2,17.5,1878,97.1,10
1878-11-01,14.2,6.9,10.55,1878,106.6,11
1878-12-01,12.6,6.2,9.4,1878,137.2,12
1879-01-01,13.1,7.1,10.1,1879,94.5,1
1879-02-01,13.2,7.2,10.2,1879,79.0,2
1879-03-01,15.6,7.3,11.45,1879,39.1,3
1879-04-01,15.5,7.9,11.7,1879,97.7,4
1879-05-01,21.8,10.3,16.05,1879,1.0,5
1879-06-01,24.8,12.9,18.85,1879,20.2,6
1879-07-01,30.4,14.5,22.45,1879,0.0,7
1879-08-01,30.8,15.6,23.2,1879,0.2,8
1879-09-01,24.3,14.2,19.25,1879,55.9,9
1879-10-01,22.6,12.7,17.65,1879,48.2,10
1879-11-01,19.5,11.8,15.65,1879,93.3,11
1879-12-01,12.2,4.4,8.3,1879,73.3,12
1880-01-01,13.2,4.6,8.9,1880,2.2,1
1880-02-01,14.7,7.0,10.85,1880,61.1,2
1880-03-01,18.4,9.4,13.9,1880,29.5,3
1880-04-01,17.2,7.6,12.4,1880,65.4,4
1880-05-01,20.2,10.9,15.55,1880,70.4,5
1880-06-01,23.6,11.7,17.65,1880,11.6,6
1880-07-01,28.7,13.8,21.25,1880,0.0,7
1880-08-01,28.7,15.7,22.2,1880,3.0,8
1880-09-01,29.3,15.5,22.4,1880,2.0,9
1880-10-01,22.2,13.5,17.85,1880,98.9,10
1880-11-01,16.4,6.8,11.6,1880,70.2,11
1880-12-01,14.9,6.9,10.9,1880,56.9,12
1881-01-01,13.7,7.3,10.5,1881,259.5,1
1881-02-01,15.1,8.1,11.6,1881,114.1,2
1881-03-01,18.0,10.6,14.3,1881,161.9,3
1881-04-01,18.7,9.8,14.25,1881,145.2,4
1881-05-01,23.4,12.8,18.1,1881,18.2,5
1881-06-01,28.9,14.1,21.5,1881,10.7,6
1881-07-01,32.1,17.1,24.6,1881,10.5,7
1881-08-01,34.5,20.5,27.5,1881,0.0,8
1881-09-01,27.7,15.7,21.7,1881,19.8,9
1881-10-01,21.9,11.0,16.45,1881,75.8,10
1881-11-01,19.7,10.0,14.85,1881,46.2,11
1881-12-01,12.6,5.4,9.0,1881,25.1,12
1882-01-01,14.5,5.4,9.95,1882,27.2,1
1882-02-01,16.4,7.4,11.9,1882,71.3,2
1882-03-01,19.3,8.4,13.85,1882,24.6,3
1882-04-01,19.9,9.4,14.65,1882,60.7,4
1882-05-01,21.0,10.8,15.9,1882,122.3,5
1882-06-01,26.3,12.9,19.6,1882,2.8,6
1882-07-01,29.4,15.0,22.2,1882,22.6,7
1882-08-01,31.6,16.4,24.0,1882,0.0,8
1882-09-01,23.9,12.8,18.35,1882,14.8,9
1882-10-01,21.6,11.6,16.6,1882,51.1,10
1882-11-01,17.4,8.9,13.15,1882,8.9,11
1882-12-01,12.6,5.2,8.9,1882,99.4,12
1883-01-01,13.4,6.3,9.85,1883,123.5,1
1883-02-01,15.5,6.5,11.0,1883,57.4,2
1883-03-01,14.0,5.4,9.7,1883,172.1,3
1883-04-01,17.7,8.6,13.15,1883,54.9,4
1883-05-01,19.6,9.9,14.75,1883,145.3,5
1883-06-01,23.5,12.0,17.75,1883,40.1,6
1883-07-01,28.3,14.2,21.25,1883,0.0,7
1883-08-01,32.9,17.4,25.15,1883,0.0,8
1883-09-01,26.3,13.9,20.1,1883,1.4,9
1883-10-01,20.6,11.4,16.0,1883,46.9,10
1883-11-01,18.2,9.0,13.6,1883,13.9,11
1884-05-01,22.6,13.8,18.2,1884,34.5,5
1884-06-01,26.3,15.3,20.8,1884,4.9,6
1884-07-01,30.0,17.9,23.95,1884,8.5,7
1884-08-01,31.7,18.2,24.95,1884,0.6,8
1884-09-01,25.4,14.9,20.15,1884,46.8,9
1884-10-01,21.9,11.4,16.65,1884,14.6,10
1884-11-01,17.5,8.1,12.8,1884,18.1,11
1884-12-01,13.4,5.5,9.45,1884,27.3,12
1885-01-01,10.7,4.4,7.55,1885,155.8,1
1885-02-01,16.0,9.0,12.5,1885,139.5,2
1885-03-01,14.8,7.2,11.0,1885,39.0,3
1885-04-01,15.1,7.1,11.1,1885,83.0,4
1885-05-01,22.7,11.3,17.0,1885,5.8,5
1885-06-01,25.5,14.6,20.05,1885,81.3,6
1885-07-01,29.1,15.1,22.1,1885,0.0,7
1885-08-01,29.0,15.8,22.4,1885,40.4,8
1885-09-01,27.1,15.1,21.1,1885,1.3,9
1885-10-01,19.6,10.1,14.85,1885,38.8,10
1885-11-01,17.7,9.3,13.5,1885,133.4,11
1885-12-01,13.4,6.1,9.75,1885,63.4,12
1886-01-01,11.7,4.4,8.05,1886,111.6,1
1886-02-01,13.8,5.9,9.85,1886,48.0,2
1886-03-01,17.2,10.0,13.6,1886,54.4,3
1886-04-01,18.3,9.6,13.95,1886,85.9,4
1886-05-01,21.6,11.3,16.45,1886,34.2,5
1886-06-01,25.7,14.0,19.85,1886,15.8,6
1886-07-01,30.8,16.7,23.75,1886,22.6,7
1886-08-01,31.8,16.9,24.35,1886,0.0,8
1886-09-01,27.3,15.5,21.4,1886,34.7,9
1886-10-01,20.5,11.4,15.95,1886,86.6,10
1886-11-01,16.5,7.9,12.2,1886,99.2,11
1886-12-01,13.7,6.7,10.2,1886,108.7,12
1888-01-01,13.8,5.4,9.6,1888,40.0,1
1888-02-01,10.8,2.9,6.85,1888,36.6,2
1888-03-01,13.2,6.6,9.9,1888,129.5,3
1888-04-01,15.4,8.2,11.8,1888,120.3,4
1888-05-01,22.9,12.6,17.75,1888,34.4,5
1888-06-01,22.9,12.7,17.8,1888,5.4,6
1888-07-01,27.2,14.6,20.9,1888,10.8,7
1888-08-01,30.3,16.3,23.3,1888,2.3,8
1888-09-01,26.9,15.9,21.4,1888,43.2,9
1888-10-01,21.7,13.1,17.4,1888,59.0,10
1888-11-01,16.5,9.1,12.8,1888,131.1,11
1888-12-01,13.2,7.0,10.1,1888,127.6,12
1889-01-01,11.9,4.2,8.05,1889,31.2,1
1889-02-01,13.7,5.5,9.6,1889,48.4,2
1889-03-01,14.2,5.8,10.0,1889,79.0,3
1889-04-01,15.0,7.1,11.05,1889,107.2,4
1889-05-01,19.4,10.0,14.7,1889,34.3,5
1889-06-01,22.6,12.4,17.5,1889,34.5,6
1889-08-01,29.6,15.2,22.4,1889,0.2,8
1889-09-01,28.6,16.1,22.35,1889,28.0,9
1889-10-01,18.4,10.6,14.5,1889,49.8,10
1889-11-01,16.6,9.5,13.05,1889,15.4,11
1889-12-01,12.6,9.5,11.05,1889,2.8,12
1890-01-01,14.4,6.2,10.3,1890,30.8,1
1890-02-01,13.3,4.7,9.0,1890,14.4,2
1890-03-01,14.0,5.4,9.7,1890,81.6,3
1890-04-01,17.1,8.8,12.95,1890,89.0,4
1890-05-01,18.2,9.4,13.8,1890,70.5,5
1890-06-01,29.1,15.3,22.2,1890,17.2,6
1890-07-01,29.8,15.1,22.45,1890,0.0,7
1890-08-01,28.6,14.7,21.65,1890,0.0,8
1890-09-01,27.1,15.3,21.2,1890,31.4,9
1890-10-01,24.8,13.2,19.0,1890,0.8,10
1890-11-01,16.8,8.9,12.85,1890,7.4,11
1890-12-01,10.4,4.4,7.4,1890,133.0,12
1891-01-01,10.1,3.5,6.8,1891,46.8,1
1891-02-01,15.8,5.9,10.85,1891,17.6,2
1891-03-01,14.5,6.8,10.65,1891,153.7,3
1891-04-01,18.4,9.3,13.85,1891,21.5,4
1891-05-01,19.5,10.3,14.9,1891,61.5,5
1891-06-01,25.6,14.5,20.05,1891,41.2,6
1891-07-01,29.3,15.8,22.55,1891,0.8,7
1891-08-01,29.4,15.2,22.3,1891,4.0,8
1891-09-01,27.5,15.0,21.25,1891,14.6,9
1891-10-01,20.2,11.9,16.05,1891,92.3,10
1891-11-01,15.0,9.2,12.1,1891,172.6,11
1891-12-01,12.9,6.5,9.7,1891,37.2,12
1892-01-01,11.7,5.2,8.45,1892,116.3,1
1892-02-01,13.5,6.2,9.85,1892,119.8,2
1892-03-01,14.9,8.1,11.5,1892,217.4,3
1892-04-01,18.1,9.2,13.65,1892,56.6,4
1892-05-01,22.7,12.5,17.6,1892,59.4,5
1892-06-01,27.0,14.7,20.85,1892,29.8,6
1892-07-01,28.6,15.2,21.9,1892,1.2,7
1892-08-01,30.8,17.2,24.0,1892,0.3,8
1892-09-01,25.9,16.0,20.95,1892,9.9,9
1892-10-01,18.7,10.6,14.65,1892,91.0,10
1892-11-01,16.6,8.8,12.7,1892,56.4,11
1892-12-01,13.4,5.4,9.4,1892,41.4,12
1893-01-01,12.8,4.9,8.85,1893,42.8,1
1893-02-01,14.2,6.9,10.55,1893,60.8,2
1893-03-01,18.5,10.1,14.3,1893,50.2,3
1893-04-01,19.3,10.8,15.05,1893,62.5,4
1893-05-01,22.6,12.8,17.7,1893,48.2,5
1893-06-01,26.2,14.8,20.5,1893,24.0,6
1893-07-01,30.8,17.2,24.0,1893,0.0,7
1893-08-01,32.5,17.5,25.0,1893,8.0,8
1893-09-01,24.9,15.4,20.15,1893,45.6,9
1893-10-01,22.6,13.5,18.05,1893,51.7,10
1893-11-01,14.6,8.3,11.45,1893,132.5,11
1893-12-01,12.8,5.7,9.25,1893,65.6,12
1894-01-01,11.4,4.4,7.9,1894,71.2,1
1894-02-01,14.4,5.8,10.1,1894,22.2,2
1894-03-01,15.8,6.9,11.35,1894,39.2,3
1894-04-01,15.8,8.1,11.95,1894,71.0,4
1894-05-01,19.3,10.1,14.7,1894,18.7,5
1894-06-01,27.9,14.3,21.1,1894,13.2,6
1894-07-01,29.9,15.7,22.8,1894,0.0,7
1894-08-01,30.7,17.1,23.9,1894,0.0,8
1894-09-01,25.4,14.4,19.9,1894,11.2,9
1894-10-01,21.5,13.5,17.5,1894,148.8,10
1894-11-01,16.2,9.1,12.65,1894,54.0,11
1894-12-01,13.2,6.3,9.75,1894,45.6,12
1895-01-01,10.4,4.2,7.3,1895,202.0,1
1895-02-01,13.7,8.3,11.0,1895,270.6,2
1895-03-01,13.4,6.4,9.9,1895,74.4,3
1895-04-01,17.4,10.0,13.7,1895,98.0,4
1895-05-01,22.3,12.5,17.4,1895,23.0,5
1895-06-01,26.1,14.8,20.45,1895,86.0,6
1895-07-01,29.1,16.3,22.7,1895,8.0,7
1895-08-01,31.4,16.0,23.7,1895,0.0,8
1895-09-01,27.0,17.0,22.0,1895,81.0,9
1895-10-01,21.3,14.1,17.7,1895,150.0,10
1895-11-01,18.1,12.0,15.05,1895,129.6,11
1895-12-01,14.3,8.2,11.25,1895,63.8,12
1896-01-01,13.7,5.1,9.4,1896,1.0,1
1896-02-01,15.6,6.2,10.9,1896,33.0,2
1896-03-01,18.0,8.0,13.0,1896,15.0,3
1896-04-01,23.0,11.0,17.0,1896,1.0,4
1896-05-01,22.5,12.2,17.35,1896,25.5,5
1896-06-01,25.6,14.7,20.15,1896,21.0,6
1896-07-01,30.0,16.6,23.3,1896,0.0,7
1896-08-01,29.6,16.4,23.0,1896,4.0,8
1896-09-01,27.7,14.9,21.3,1896,8.0,9
1896-10-01,19.1,9.5,14.3,1896,46.0,10
1896-11-01,13.5,6.5,10.0,1896,67.6,11
1896-12-01,12.8,5.9,9.35,1896,148.0,12
1897-01-01,10.4,4.5,7.45,1897,78.7,1
1897-02-01,17.4,7.8,12.6,1897,6.4,2
1897-03-01,19.8,10.6,15.2,1897,50.0,3
1897-04-01,19.9,9.6,14.75,1897,57.2,4
1897-05-01,22.4,12.0,17.2,1897,104.5,5
1897-06-01,29.5,16.4,22.95,1897,6.0,6
1897-07-01,32.9,17.3,25.1,1897,0.0,7
1897-08-01,30.2,15.8,23.0,1897,0.0,8
1897-09-01,27.7,14.9,21.3,1897,4.0,9
1897-10-01,24.0,14.3,19.15,1897,116.4,10
1897-11-01,17.9,10.4,14.15,1897,72.8,11
1897-12-01,14.1,7.0,10.55,1897,38.8,12
1898-01-01,14.7,6.1,10.4,1898,55.2,1
1898-02-01,17.9,7.2,12.55,1898,30.0,2
1898-03-01,15.7,5.9,10.8,1898,60.3,3
1898-04-01,18.5,8.3,13.4,1898,20.6,4
1898-05-01,21.8,10.4,16.1,1898,47.5,5
1898-06-01,27.3,14.0,20.65,1898,6.2,6
1898-07-01,33.8,17.3,25.55,1898,0.0,7
1898-08-01,34.3,19.4,26.85,1898,0.0,8
1898-09-01,30.0,17.7,23.85,1898,26.8,9
1898-10-01,22.6,13.4,18.0,1898,72.1,10
1898-11-01,15.3,8.2,11.75,1898,110.9,11
1898-12-01,16.1,5.0,10.55,1898,2.8,12
1899-01-01,13.8,6.1,9.95,1899,60.3,1
1899-02-01,15.3,7.5,11.4,1899,176.9,2
1899-03-01,17.9,8.7,13.3,1899,47.0,3
1899-04-01,23.4,10.5,16.95,1899,11.2,4
1899-05-01,24.7,12.5,18.6,1899,2.2,5
1899-06-01,26.2,14.2,20.2,1899,128.8,6
1899-07-01,32.7,17.6,25.15,1899,0.0,7
1899-08-01,32.1,18.7,25.4,1899,12.0,8
1899-09-01,29.0,16.3,22.65,1899,19.7,9
1899-10-01,23.8,16.2,20.0,1899,141.5,10
1899-11-01,19.1,10.6,14.85,1899,36.8,11
1899-12-01,15.1,6.9,11.0,1899,50.8,12
1900-01-01,13.3,5.3,9.3,1900,29.0,1
1900-02-01,13.6,7.6,10.6,1900,179.8,2
1900-03-01,14.0,5.8,9.9,1900,36.5,3
1900-04-01,20.2,10.5,15.35,1900,47.4,4
1900-05-01,20.6,11.4,16.0,1900,94.4,5
1900-06-01,27.5,13.1,20.3,1900,1.0,6
1900-07-01,32.9,17.2,25.05,1900,1.0,7
1900-08-01,29.4,16.1,22.75,1900,23.3,8
1900-09-01,27.5,16.4,21.95,1900,47.6,9
1900-10-01,23.6,12.3,17.95,1900,20.4,10
1900-11-01,15.6,7.8,11.7,1900,41.8,11
1900-12-01,14.4,7.2,10.8,1900,59.5,12
1901-01-01,14.0,5.2,9.6,1901,68.2,1
1901-02-01,11.4,3.6,7.5,1901,81.4,2
1901-03-01,14.1,6.3,10.2,1901,126.2,3
1901-04-01,20.2,10.0,15.1,1901,20.2,4
1901-05-01,22.5,11.8,17.15,1901,8.6,5
1901-06-01,28.9,14.6,21.75,1901,1.3,6
1901-07-01,32.1,16.6,24.35,1901,0.0,7
1901-08-01,31.6,17.1,24.35,1901,0.0,8
1901-09-01,24.8,14.3,19.55,1901,28.9,9
1901-10-01,16.4,11.3,13.85,1901,58.3,10
1901-11-01,16.6,7.4,12.0,1901,105.5,11
1901-12-01,11.8,4.0,7.9,1901,90.6,12
1902-01-01,13.9,5.2,9.55,1902,8.3,1
1902-02-01,13.2,6.7,9.95,1902,263.9,2
1902-03-01,17.4,8.5,12.95,1902,47.0,3
1902-05-01,21.2,10.3,15.75,1902,15.4,5
1902-08-01,22.5,15.9,19.2,1902,15.6,8
1902-09-01,26.1,14.8,20.45,1902,3.6,9
1902-10-01,21.4,11.5,16.45,1902,87.2,10
1902-11-01,16.5,9.6,13.05,1902,160.9,11
1902-12-01,13.4,6.3,9.85,1902,46.0,12
1903-01-01,13.8,5.3,9.55,1903,43.0,1
1903-02-01,16.5,6.7,11.6,1903,47.2,2
1903-03-01,16.8,7.2,12.0,1903,25.6,3
1903-04-01,20.9,10.3,15.6,1903,48.7,4
1903-05-01,19.8,10.3,15.05,1903,91.1,5
1903-06-01,24.2,13.5,18.85,1903,69.4,6
1903-07-01,29.6,16.2,22.9,1903,3.6,7
1903-08-01,31.8,16.7,24.25,1903,0.0,8
1903-09-01,25.1,14.7,19.9,1903,49.8,9
1903-10-01,21.0,12.2,16.6,1903,63.0,10
1903-11-01,18.4,9.6,14.0,1903,25.8,11
1903-12-01,13.0,4.4,8.7,1903,123.2,12
1904-01-01,13.2,4.7,8.95,1904,72.2,1
1904-02-01,13.9,6.0,9.95,1904,163.6,2
1904-03-01,14.4,6.0,10.2,1904,81.2,3
1904-04-01,21.5,10.2,15.85,1904,22.6,4
1904-05-01,24.7,12.4,18.55,1904,18.0,5
1904-06-01,27.3,13.9,20.6,1904,38.4,6
1904-07-01,30.1,15.2,22.65,1904,0.0,7
1904-08-01,31.1,16.7,23.9,1904,0.0,8
1904-09-01,23.4,14.0,18.7,1904,43.6,9
1904-10-01,24.2,14.4,19.3,1904,47.0,10
1904-11-01,18.6,9.3,13.95,1904,55.1,11
1904-12-01,14.5,7.8,11.15,1904,52.6,12
1905-01-01,13.7,4.8,9.25,1905,37.4,1
1905-02-01,15.0,4.7,9.85,1905,2.4,2
1905-03-01,17.8,8.9,13.35,1905,40.6,3
1905-04-01,21.1,10.4,15.75,1905,67.4,4
1905-05-01,23.4,10.9,17.15,1905,9.4,5
1905-06-01,24.9,12.9,18.9,1905,75.6,6
1905-07-01,31.8,17.1,24.45,1905,4.6,7
1905-08-01,29.3,15.1,22.2,1905,0.0,8
1905-09-01,26.0,13.9,19.95,1905,1.0,9
1905-10-01,22.5,12.2,17.35,1905,85.0,10
1905-11-01,14.8,7.8,11.3,1905,138.2,11
1905-12-01,14.5,6.0,10.25,1905,70.8,12
1906-01-01,14.2,5.4,9.8,1906,40.2,1
1906-02-01,12.7,4.6,8.65,1906,38.4,2
1906-03-01,16.8,6.5,11.65,1906,81.4,3
1906-04-01,20.4,8.1,14.25,1906,12.8,4
1906-05-01,23.3,12.0,17.65,1906,75.9,5
1906-06-01,29.1,15.4,22.25,1906,53.8,6
1906-07-01,31.8,16.2,24.0,1906,0.8,7
1906-08-01,34.0,14.6,24.3,1906,0.0,8
1906-09-01,27.3,13.0,20.15,1906,76.0,9
1906-10-01,22.2,9.5,15.85,1906,86.2,10
1906-11-01,17.5,4.9,11.2,1906,104.7,11
1906-12-01,14.3,1.1,7.7,1906,14.2,12
1907-01-01,15.8,3.9,9.85,1907,22.3,1
1907-02-01,13.2,3.1,8.15,1907,8.3,2
1907-03-01,21.0,8.2,14.6,1907,0.0,3
1907-04-01,18.4,8.9,13.65,1907,55.5,4
1907-05-01,20.0,10.2,15.1,1907,115.7,5
1907-06-01,28.2,14.2,21.2,1907,0.0,6
1907-07-01,29.5,14.8,22.15,1907,5.1,7
1907-08-01,33.4,17.4,25.4,1907,1.0,8
1907-09-01,29.4,16.8,23.1,1907,118.6,9
1907-10-01,18.7,10.8,14.75,1907,182.0,10
1907-11-01,17.4,9.0,13.2,1907,269.3,11
1907-12-01,13.9,8.5,11.2,1907,87.6,12
1908-01-01,14.2,6.9,10.55,1908,158.2,1
1908-02-01,16.6,5.8,11.2,1908,0.2,2
1908-03-01,16.1,5.6,10.85,1908,49.4,3
1908-04-01,18.1,7.1,12.6,1908,86.0,4
1908-05-01,25.5,13.0,19.25,1908,23.5,5
1908-06-01,23.5,18.4,20.95,1908,53.9,6
1908-07-01,29.1,21.0,25.05,1908,0.0,7
1908-08-01,28.0,17.9,22.95,1908,1.0,8
1908-09-01,28.6,16.1,22.35,1908,0.0,9
1908-10-01,22.8,13.4,18.1,1908,43.9,10
1908-11-01,16.6,10.2,13.4,1908,119.0,11
1908-12-01,12.8,7.7,10.25,1908,94.0,12
1909-01-01,11.5,5.1,8.3,1909,31.2,1
1909-02-01,12.5,4.9,8.7,1909,11.8,2
1909-03-01,13.0,6.4,9.7,1909,103.7,3
1909-04-01,19.5,10.0,14.75,1909,27.0,4
1909-05-01,22.0,12.4,17.2,1909,96.1,5
1909-06-01,22.0,11.6,16.8,1909,23.6,6
1909-07-01,30.5,16.7,23.6,1909,0.0,7
1909-08-01,29.1,16.5,22.8,1909,17.7,8
1909-09-01,23.9,14.4,19.15,1909,25.2,9
1909-10-01,22.1,13.0,17.55,1909,29.1,10
1909-11-01,15.1,9.9,12.5,1909,170.2,11
1909-12-01,13.4,8.3,10.85,1909,172.2,12
1910-01-01,11.5,5.3,8.4,1910,10.3,1
1910-02-01,13.4,7.3,10.35,1910,40.8,2
1910-03-01,13.8,6.4,10.1,1910,34.3,3
1910-04-01,17.3,8.7,13.0,1910,39.3,4
1910-05-01,19.5,9.8,14.65,1910,50.4,5
1910-06-01,24.5,13.9,19.2,1910,39.3,6
1910-07-01,27.2,15.1,21.15,1910,0.0,7
1910-08-01,28.8,15.4,22.1,1910,0.0,8
1910-09-01,26.3,15.9,21.1,1910,8.3,9
1910-10-01,20.1,12.7,16.4,1910,105.0,10
1910-11-01,14.7,9.1,11.9,1910,82.1,11
1910-12-01,12.8,7.9,10.35,1910,216.3,12
1911-01-01,10.3,3.6,6.95,1911,17.9,1
1911-02-01,14.1,5.9,10.0,1911,11.2,2
1911-03-01,13.3,6.5,9.9,1911,107.6,3
1911-04-01,15.6,8.1,11.85,1911,88.0,4
1911-05-01,19.6,11.0,15.3,1911,36.7,5
1911-06-01,22.1,12.9,17.5,1911,54.0,6
1911-07-01,29.8,18.1,23.95,1911,1.3,7
1911-08-01,29.6,16.7,23.15,1911,34.7,8
1911-09-01,28.3,18.2,23.25,1911,11.3,9
1911-10-01,18.0,11.9,14.95,1911,107.4,10
1911-11-01,14.3,9.2,11.75,1911,116.5,11
1911-12-01,13.0,8.1,10.55,1911,115.9,12
1912-01-01,11.1,5.8,8.45,1912,105.6,1
1912-02-01,13.4,8.6,11.0,1912,257.7,2
1912-03-01,15.6,9.0,12.3,1912,77.2,3
1912-04-01,18.1,9.6,13.85,1912,37.4,4
1912-05-01,22.3,12.9,17.6,1912,14.6,5
1912-06-01,24.6,12.6,18.6,1912,17.5,6
1912-07-01,24.6,13.0,18.8,1912,2.0,7
1912-08-01,25.8,13.9,19.85,1912,1.3,8
1912-09-01,25.2,15.7,20.45,1912,7.5,9
1912-10-01,19.2,12.2,15.7,1912,74.7,10
1912-11-01,15.8,8.6,12.2,1912,13.5,11
1912-12-01,11.9,5.5,8.7,1912,25.2,12
1913-01-01,12.3,7.2,9.75,1913,181.4,1
1913-02-01,13.2,6.4,9.8,1913,42.8,2
1913-03-01,14.7,7.7,11.2,1913,73.6,3
1913-04-01,15.7,8.4,12.05,1913,16.6,4
1913-05-01,20.4,11.3,15.85,1913,16.8,5
1913-06-01,29.2,12.3,20.75,1913,6.5,6
1913-07-01,28.6,15.9,22.25,1913,0.0,7
1913-08-01,26.7,15.5,21.1,1913,1.6,8
1913-09-01,22.5,14.1,18.3,1913,56.3,9
1913-10-01,18.8,12.4,15.6,1913,81.7,10
1913-11-01,15.5,9.8,12.65,1913,78.1,11
1913-12-01,11.3,5.4,8.35,1913,20.4,12
1914-01-01,10.5,4.2,7.35,1914,34.7,1
1914-02-01,12.7,6.9,9.8,1914,175.4,2
1914-03-01,14.6,7.4,11.0,1914,57.6,3
1914-04-01,17.1,9.4,13.25,1914,53.7,4
1914-05-01,21.0,11.2,16.1,1914,40.6,5
1914-06-01,22.5,12.7,17.6,1914,21.3,6
1914-07-01,27.1,15.1,21.1,1914,4.3,7
1914-08-01,29.7,16.4,23.05,1914,0.0,8
1914-09-01,28.1,17.4,22.75,1914,8.3,9
1914-10-01,20.8,12.6,16.7,1914,78.4,10
1914-11-01,14.2,8.2,11.2,1914,91.1,11
1914-12-01,12.0,6.9,9.45,1914,222.2,12
1915-01-01,10.2,4.7,7.45,1915,141.9,1
1915-02-01,11.5,6.8,9.15,1915,102.6,2
1915-03-01,15.0,9.1,12.05,1915,152.5,3
1915-04-01,16.1,8.2,12.15,1915,8.7,4
1915-05-01,20.4,12.2,16.3,1915,76.2,5
1915-06-01,24.9,14.2,19.55,1915,1.9,6
1915-07-01,29.4,16.3,22.85,1915,10.2,7
1915-08-01,30.4,17.7,24.05,1915,0.0,8
1915-09-01,25.4,16.0,20.7,1915,9.6,9
1915-10-01,19.9,11.7,15.8,1915,31.6,10
1915-11-01,14.7,9.1,11.9,1915,169.7,11
1915-12-01,12.7,7.9,10.3,1915,173.1,12
1916-01-01,12.6,6.2,9.4,1916,43.9,1
1916-02-01,12.0,5.5,8.75,1916,90.8,2
1916-03-01,11.5,6.1,8.8,1916,196.3,3
1916-04-01,17.8,8.9,13.35,1916,14.2,4
1916-05-01,20.6,12.0,16.3,1916,55.6,5
1916-06-01,25.4,13.9,19.65,1916,3.0,6
1916-07-01,27.1,15.4,21.25,1916,3.9,7
1916-08-01,28.8,16.2,22.5,1916,0.8,8
1916-09-01,26.4,16.2,21.3,1916,63.1,9
1916-10-01,23.0,13.8,18.4,1916,5.2,10
1916-11-01,14.7,9.0,11.85,1916,153.9,11
1916-12-01,12.8,7.8,10.3,1916,142.7,12
1917-01-01,10.6,4.8,7.7,1917,82.6,1
1917-02-01,11.4,5.9,8.65,1917,159.4,2
1917-03-01,12.9,6.0,9.45,1917,71.3,3
1917-04-01,16.6,8.3,12.45,1917,49.3,4
1917-05-01,19.8,11.6,15.7,1917,56.4,5
1917-06-01,24.9,13.9,19.4,1917,14.3,6
1917-07-01,30.7,16.4,23.55,1917,0.0,7
1917-08-01,27.3,14.6,20.95,1917,0.0,8
1917-09-01,29.2,17.0,23.1,1917,0.4,9
1917-10-01,20.2,10.9,15.55,1917,6.3,10
1917-11-01,17.9,8.3,13.1,1917,1.2,11
1917-12-01,10.1,3.6,6.85,1917,30.6,12
1918-01-01,12.5,6.9,9.7,1918,216.1,1
1918-02-01,15.0,7.2,11.1,1918,10.4,2
1918-03-01,14.0,7.0,10.5,1918,43.8,3
1918-04-01,15.4,7.7,11.55,1918,52.4,4
1918-05-01,21.6,15.0,18.3,1918,33.6,5
1918-06-01,27.2,15.2,21.2,1918,0.6,6
1918-07-01,28.8,16.6,22.7,1918,0.0,7
1918-08-01,31.3,18.4,24.85,1918,0.0,8
1918-09-01,24.2,14.8,19.5,1918,46.0,9
1918-10-01,21.8,10.0,15.9,1918,28.2,10
1918-11-01,15.0,9.1,12.05,1918,89.3,11
1918-12-01,12.5,6.8,9.65,1918,23.3,12
1919-01-01,10.9,5.0,7.95,1919,121.5,1
1919-02-01,13.1,8.4,10.75,1919,287.7,2
1919-03-01,14.0,7.0,10.5,1919,89.8,3
1919-04-01,16.6,8.5,12.55,1919,49.0,4
1919-05-01,21.1,11.0,16.05,1919,13.9,5
1919-06-01,28.3,16.0,22.15,1919,40.7,6
1919-07-01,27.5,15.3,21.4,1919,2.8,7
1919-08-01,32.6,17.8,25.2,1919,0.3,8
1919-09-01,25.3,15.4,20.35,1919,8.3,9
1919-10-01,18.8,10.9,14.85,1919,27.8,10
1919-11-01,13.9,7.2,10.55,1919,102.7,11
1919-12-01,11.6,5.0,8.3,1919,45.6,12
1920-01-01,12.0,5.4,8.7,1920,30.5,1
1920-02-01,13.7,6.8,10.25,1920,73.4,2
1920-03-01,15.4,6.9,11.15,1920,51.1,3
1920-04-01,18.0,9.9,13.95,1920,63.9,4
1920-05-01,22.6,11.9,17.25,1920,49.9,5
1920-06-01,25.6,14.4,20.0,1920,7.0,6
1920-07-01,28.8,14.4,21.6,1920,0.0,7
1920-08-01,30.2,15.2,22.7,1920,0.0,8
1920-09-01,26.5,15.6,21.05,1920,22.7,9
1920-10-01,17.7,11.2,14.45,1920,82.4,10
1920-11-01,15.2,8.3,11.75,1920,102.3,11
1920-12-01,12.0,5.4,8.7,1920,92.7,12
1921-01-01,12.8,6.1,9.45,1921,23.7,1
1921-02-01,12.5,5.7,9.1,1921,82.0,2
1921-03-01,15.4,7.0,11.2,1921,24.5,3
1921-04-01,18.6,9.1,13.85,1921,32.2,4
1921-05-01,20.7,10.7,15.7,1921,67.4,5
1921-06-01,26.4,14.0,20.2,1921,6.0,6
1921-07-01,30.8,17.4,24.1,1921,2.5,7
1921-08-01,29.7,16.6,23.15,1921,0.0,8
1921-09-01,25.8,15.2,20.5,1921,23.0,9
1921-10-01,21.9,14.2,18.05,1921,116.2,10
1921-11-01,15.8,8.9,12.35,1921,87.1,11
1921-12-01,12.4,5.3,8.85,1921,31.8,12
1922-01-01,12.4,5.3,8.85,1922,108.6,1
1922-02-01,13.8,6.0,9.9,1922,19.0,2
1922-03-01,12.8,6.2,9.5,1922,66.4,3
1922-04-01,16.2,7.6,11.9,1922,23.1,4
1922-05-01,24.6,13.1,18.85,1922,29.4,5
1922-06-01,25.6,13.9,19.75,1922,35.8,6
1922-07-01,29.2,14.6,21.9,1922,0.4,7
1922-08-01,29.9,16.5,23.2,1922,1.6,8
1922-09-01,25.2,13.9,19.55,1922,9.6,9
1922-10-01,20.9,12.8,16.85,1922,103.6,10
1922-11-01,15.6,8.5,12.05,1922,9.5,11
1922-12-01,12.2,5.1,8.65,1922,126.4,12
1923-01-01,10.7,2.3,6.5,1923,2.4,1
1923-02-01,13.2,5.9,9.55,1923,105.3,2
1923-03-01,16.4,7.7,12.05,1923,43.8,3
1923-04-01,14.6,6.3,10.45,1923,89.7,4
1923-05-01,20.9,9.0,14.95,1923,10.2,5
1923-06-01,27.6,13.8,20.7,1923,12.3,6
1923-07-01,30.9,16.1,23.5,1923,3.6,7
1923-08-01,32.6,16.8,24.7,1923,0.0,8
1923-09-01,26.2,13.9,20.05,1923,10.3,9
1923-10-01,23.2,13.6,18.4,1923,81.5,10
1923-11-01,13.8,7.1,10.45,1923,127.4,11
1923-12-01,11.8,3.5,7.65,1923,21.5,12
1924-01-01,12.4,5.5,8.95,1924,84.0,1
1924-02-01,10.9,3.0,6.95,1924,75.9,2
1924-03-01,14.3,8.3,11.3,1924,172.5,3
1924-04-01,17.9,9.4,13.65,1924,44.8,4
1924-05-01,22.7,12.2,17.45,1924,51.5,5
1924-06-01,27.5,14.1,20.8,1924,0.0,6
1924-07-01,29.9,15.5,22.7,1924,0.0,7
1924-08-01,29.2,15.0,22.1,1924,0.0,8
1924-09-01,24.1,14.6,19.35,1924,33.2,9
1924-10-01,21.1,12.4,16.75,1924,40.4,10
1924-11-01,15.2,7.6,11.4,1924,73.1,11
1924-12-01,13.0,6.9,9.95,1924,52.0,12
1925-01-01,12.7,5.3,9.0,1925,12.8,1
1925-02-01,12.4,4.9,8.65,1925,73.5,2
1925-03-01,13.5,5.0,9.25,1925,22.1,3
1925-04-01,17.2,7.1,12.15,1925,23.7,4
1925-05-01,19.4,9.8,14.6,1925,20.2,5
1925-06-01,23.8,14.1,18.95,1925,119.6,6
1925-07-01,27.5,14.6,21.05,1925,4.0,7
1925-08-01,29.9,16.2,23.05,1925,0.0,8
1925-09-01,27.1,15.0,21.05,1925,2.6,9
1925-10-01,21.8,12.8,17.3,1925,26.7,10
1925-11-01,14.1,6.9,10.5,1925,115.1,11
1925-12-01,13.7,8.1,10.9,1925,160.5,12
1926-01-01,12.7,5.6,9.15,1926,27.1,1
1926-02-01,15.8,8.4,12.1,1926,80.3,2
1926-03-01,17.5,8.8,13.15,1926,44.6,3
1926-04-01,17.1,9.0,13.05,1926,42.3,4
1926-05-01,19.5,9.9,14.7,1926,41.1,5
1926-06-01,25.9,12.8,19.35,1926,0.2,6
1926-07-01,30.6,16.3,23.45,1926,0.0,7
1926-08-01,32.9,18.0,25.45,1926,0.3,8
1926-09-01,30.9,18.1,24.5,1926,0.4,9
1926-10-01,23.9,14.0,18.95,1926,96.1,10
1926-11-01,14.7,8.1,11.4,1926,119.8,11
1926-12-01,12.1,4.4,8.25,1926,12.2,12
1927-01-01,12.3,5.5,8.9,1927,54.4,1
1927-02-01,12.9,5.3,9.1,1927,93.4,2
1927-03-01,14.4,6.7,10.55,1927,57.9,3
1927-04-01,20.9,8.9,14.9,1927,1.9,4
1927-05-01,21.9,12.3,17.1,1927,24.1,5
1927-06-01,27.2,15.0,21.1,1927,27.9,6
1927-07-01,26.7,14.0,20.35,1927,3.2,7
1927-08-01,29.6,15.1,22.35,1927,0.3,8
1927-09-01,25.9,14.1,20.0,1927,9.4,9
1927-10-01,24.0,14.3,19.15,1927,74.0,10
1927-11-01,15.2,7.5,11.35,1927,101.3,11
1927-12-01,12.2,6.6,9.4,1927,181.7,12
1928-01-01,11.6,4.4,8.0,1928,23.2,1
1928-02-01,15.4,7.5,11.45,1928,89.9,2
1928-03-01,14.7,7.6,11.15,1928,124.9,3
1928-04-01,16.2,8.3,12.25,1928,106.3,4
1928-05-01,18.2,9.8,14.0,1928,53.4,5
1928-06-01,25.8,14.2,20.0,1928,51.2,6
1928-07-01,32.6,19.0,25.8,1928,2.7,7
1928-08-01,29.5,16.4,22.95,1928,18.0,8
1928-09-01,26.4,15.9,21.15,1928,240.7,9
1928-10-01,20.0,11.8,15.9,1928,22.5,10
1928-11-01,15.1,7.3,11.2,1928,28.1,11
1928-12-01,12.6,4.8,8.7,1928,45.3,12
1929-01-01,11.5,4.7,8.1,1929,45.5,1
1929-02-01,13.5,6.7,10.1,1929,69.7,2
1929-03-01,17.0,8.8,12.9,1929,17.0,3
1929-04-01,19.6,10.2,14.9,1929,39.1,4
1929-05-01,20.7,9.9,15.3,1929,5.7,5
1929-06-01,27.0,14.9,20.95,1929,17.0,6
1929-07-01,30.3,17.3,23.8,1929,22.0,7
1929-08-01,30.7,17.3,24.0,1929,0.0,8
1929-09-01,25.6,16.5,21.05,1929,37.4,9
1929-10-01,21.7,13.0,17.35,1929,25.4,10
1929-11-01,15.4,8.9,12.15,1929,104.0,11
1929-12-01,14.1,8.4,11.25,1929,99.5,12
1930-01-01,12.3,6.1,9.2,1930,134.8,1
1930-02-01,11.1,5.0,8.05,1930,46.6,2
1930-03-01,15.8,8.0,11.9,1930,105.8,3
1930-04-01,14.4,7.8,11.1,1930,139.4,4
1930-05-01,21.7,11.4,16.55,1930,20.3,5
1930-06-01,22.6,12.9,17.75,1930,103.4,6
1930-07-01,27.6,15.7,21.65,1930,6.2,7
1930-08-01,31.1,17.7,24.4,1930,4.0,8
1930-09-01,27.6,15.8,21.7,1930,14.8,9
1930-10-01,22.9,13.4,18.15,1930,28.7,10
1930-11-01,16.9,10.0,13.45,1930,28.8,11
1930-12-01,13.2,7.1,10.15,1930,41.5,12
1931-01-01,11.9,5.4,8.65,1931,66.6,1
1931-02-01,13.2,5.4,9.3,1931,8.0,2
1931-03-01,15.9,9.2,12.55,1931,161.0,3
1931-04-01,18.0,9.5,13.75,1931,6.3,4
1931-05-01,20.1,10.0,15.05,1931,30.6,5
1931-06-01,27.0,14.4,20.7,1931,31.0,6
1931-07-01,28.1,15.0,21.55,1931,0.0,7
1931-08-01,27.2,15.2,21.2,1931,8.8,8
1931-09-01,25.4,15.2,20.3,1931,34.7,9
1931-10-01,20.4,12.2,16.3,1931,83.9,10
1931-11-01,15.4,9.0,12.2,1931,76.6,11
1931-12-01,12.2,4.3,8.25,1931,0.0,12
1932-01-01,11.8,5.4,8.6,1932,39.3,1
1932-02-01,11.2,4.3,7.75,1932,59.5,2
1932-03-01,15.4,8.1,11.75,1932,102.5,3
1932-04-01,15.8,7.1,11.45,1932,28.1,4
1932-05-01,20.1,9.7,14.9,1932,30.6,5
1932-06-01,24.0,13.3,18.65,1932,18.8,6
1932-07-01,27.8,15.0,21.4,1932,1.6,7
1932-08-01,29.7,16.9,23.3,1932,7.3,8
1932-09-01,25.1,15.5,20.3,1932,75.1,9
1932-10-01,19.1,8.5,13.8,1932,29.5,10
1932-11-01,16.0,9.1,12.55,1932,80.5,11
1932-12-01,12.7,7.4,10.05,1932,173.8,12
1933-01-01,10.7,4.9,7.8,1933,96.3,1
1933-02-01,12.9,5.4,9.15,1933,22.2,2
1933-03-01,14.6,8.4,11.5,1933,115.6,3
1933-04-01,20.5,10.8,15.65,1933,4.4,4
1933-05-01,23.9,13.1,18.5,1933,47.5,5
1933-06-01,24.1,12.6,18.35,1933,24.4,6
1933-07-01,30.8,16.8,23.8,1933,0.0,7
1933-08-01,32.3,17.8,25.05,1933,0.0,8
1933-09-01,24.2,14.5,19.35,1933,1.7,9
1933-10-01,19.2,12.5,15.85,1933,107.1,10
1933-11-01,12.7,7.1,9.9,1933,87.5,11
1933-12-01,9.2,3.8,6.5,1933,86.4,12
1934-01-01,10.9,4.8,7.85,1934,40.2,1
1934-02-01,12.7,4.8,8.75,1934,2.2,2
1934-03-01,12.9,6.0,9.45,1934,75.6,3
1934-04-01,14.8,8.0,11.4,1934,115.6,4
1934-05-01,21.5,12.3,16.9,1934,31.2,5
1934-06-01,27.1,14.3,20.7,1934,0.9,6
1934-07-01,29.8,16.5,23.15,1934,29.0,7
1934-08-01,28.0,15.3,21.65,1934,0.0,8
1934-09-01,27.2,15.2,21.2,1934,0.4,9
1934-10-01,23.1,13.7,18.4,1934,2.0,10
1934-11-01,12.8,6.5,9.65,1934,53.8,11
1934-12-01,13.8,8.8,11.3,1934,133.6,12
1935-01-01,10.7,3.7,7.2,1935,2.3,1
1935-02-01,13.0,5.2,9.1,1935,35.4,2
1935-03-01,16.6,8.6,12.6,1935,40.8,3
1935-04-01,18.6,8.7,13.65,1935,21.9,4
1935-05-01,17.7,9.4,13.55,1935,100.6,5
1935-06-01,24.4,13.2,18.8,1935,20.9,6
1935-07-01,30.7,16.9,23.8,1935,0.0,7
1935-08-01,29.4,16.7,23.05,1935,22.6,8
1935-09-01,27.8,15.1,21.45,1935,0.0,9
1935-10-01,19.8,10.8,15.3,1935,24.4,10
1935-11-01,14.5,8.5,11.5,1935,118.5,11
1935-12-01,12.6,7.9,10.25,1935,144.6,12
1936-01-01,13.2,8.6,10.9,1936,151.8,1
1936-02-01,13.2,8.4,10.8,1936,216.3,2
1936-03-01,13.3,7.7,10.5,1936,135.3,3
1936-04-01,16.2,9.5,12.85,1936,107.1,4
1936-05-01,17.5,9.5,13.5,1936,37.3,5
1936-06-01,22.7,11.8,17.25,1936,12.4,6
1936-07-01,27.6,14.5,21.05,1936,2.7,7
1936-08-01,32.7,17.8,25.25,1936,0.0,8
1936-09-01,28.3,15.1,21.7,1936,0.5,9
1936-10-01,21.4,11.2,16.3,1936,8.6,10
1936-11-01,15.0,7.6,11.3,1936,92.0,11
1936-12-01,13.0,4.9,8.95,1936,57.2,12
1937-01-01,12.6,6.3,9.45,1937,283.1,1
1937-02-01,15.2,7.8,11.5,1937,58.6,2
1937-03-01,13.5,6.9,10.2,1937,217.1,3
1937-04-01,19.2,9.7,14.45,1937,50.9,4
1937-05-01,22.6,10.8,16.7,1937,16.6,5
1937-06-01,25.6,13.0,19.3,1937,7.2,6
1937-07-01,32.4,17.2,24.8,1937,0.0,7
1937-08-01,32.2,16.5,24.35,1937,0.0,8
1937-09-01,27.1,14.8,20.95,1937,13.9,9
1937-10-01,20.5,12.6,16.55,1937,114.0,10
1937-11-01,16.3,11.0,13.65,1937,233.8,11
1937-12-01,11.7,5.6,8.65,1937,83.0,12
1938-01-01,12.5,5.7,9.1,1938,29.6,1
1938-02-01,13.6,5.1,9.35,1938,37.3,2
1938-03-01,19.3,8.4,13.85,1938,15.4,3
1938-04-01,20.5,10.6,15.55,1938,68.5,4
1938-05-01,20.7,10.5,15.6,1938,88.5,5
1938-06-01,29.2,14.8,22.0,1938,0.8,6
1938-07-01,30.2,15.2,22.7,1938,0.0,7
1938-08-01,30.0,15.8,22.9,1938,0.5,8
1938-09-01,24.5,13.9,19.2,1938,80.5,9
1938-10-01,22.8,12.8,17.8,1938,8.1,10
1938-11-01,18.3,10.3,14.3,1938,27.5,11
1938-12-01,11.9,6.1,9.0,1938,136.8,12
1939-01-01,13.0,7.5,10.25,1939,175.5,1
1939-02-01,14.2,6.5,10.35,1939,43.7,2
1939-03-01,15.4,6.3,10.85,1939,54.3,3
1939-04-01,17.2,8.4,12.8,1939,80.4,4
1939-05-01,22.3,11.4,16.85,1939,14.4,5
1939-06-01,23.9,13.3,18.6,1939,37.7,6
1939-07-01,29.2,15.4,22.3,1939,1.6,7
1939-08-01,28.5,15.3,21.9,1939,0.0,8
1939-09-01,26.6,15.8,21.2,1939,74.4,9
1939-10-01,18.5,11.9,15.2,1939,101.0,10
1939-11-01,15.7,8.4,12.05,1939,64.5,11
1939-12-01,12.4,7.0,9.7,1939,76.1,12
1940-01-01,11.7,6.1,8.9,1940,223.2,1
1940-02-01,14.5,8.1,11.3,1940,120.6,2
1940-03-01,17.3,9.6,13.45,1940,105.0,3
1940-04-01,18.6,9.5,14.05,1940,39.9,4
1940-05-01,20.0,10.5,15.25,1940,68.2,5
1940-06-01,25.6,13.9,19.75,1940,12.9,6
1940-07-01,29.2,15.0,22.1,1940,0.0,7
1940-08-01,32.8,18.0,25.4,1940,1.1,8
1940-09-01,27.2,14.8,21.0,1940,13.1,9
1940-10-01,19.1,10.8,14.95,1940,108.1,10
1940-11-01,15.2,8.0,11.6,1940,51.3,11
1940-12-01,11.9,4.0,7.95,1940,22.4,12
1941-01-01,9.9,4.6,7.25,1941,266.0,1
1941-02-01,12.6,6.5,9.55,1941,131.8,2
1941-03-01,14.6,7.3,10.95,1941,69.9,3
1941-04-01,16.8,8.8,12.8,1941,132.9,4
1941-05-01,18.7,9.9,14.3,1941,51.7,5
1941-06-01,26.8,14.3,20.55,1941,16.9,6
1941-07-01,29.5,16.4,22.95,1941,46.6,7
1941-08-01,31.9,16.4,24.15,1941,0.0,8
1941-09-01,29.5,17.4,23.45,1941,2.8,9
1941-10-01,25.8,13.7,19.75,1941,16.4,10
1941-11-01,14.9,8.0,11.45,1941,119.4,11
1941-12-01,12.5,4.2,8.35,1941,14.6,12
1942-01-01,11.5,5.0,8.25,1942,56.8,1
1942-02-01,12.8,4.1,8.45,1942,41.5,2
1942-03-01,15.7,8.7,12.2,1942,199.3,3
1942-04-01,17.0,9.1,13.05,1942,99.1,4
1942-05-01,21.4,11.3,16.35,1942,21.2,5
1942-06-01,26.9,14.2,20.55,1942,22.7,6
1942-07-01,31.0,15.6,23.3,1942,0.0,7
1942-08-01,30.3,15.5,22.9,1942,17.4,8
1942-09-01,26.8,15.0,20.9,1942,40.7,9
1942-10-01,22.6,13.5,18.05,1942,189.4,10
1942-11-01,16.3,8.9,12.6,1942,68.2,11
1942-12-01,13.5,7.1,10.3,1942,121.2,12
1943-01-01,13.1,7.2,10.15,1943,130.0,1
1943-02-01,14.1,6.0,10.05,1943,74.1,2
1943-03-01,16.1,7.8,11.95,1943,130.2,3
1943-04-01,21.5,11.9,16.7,1943,97.1,4
1943-05-01,24.5,12.3,18.4,1943,2.9,5
1943-06-01,30.9,15.3,23.1,1943,0.0,6
1943-07-01,28.7,15.6,22.15,1943,56.8,7
1943-08-01,32.8,17.9,25.35,1943,0.0,8
1943-09-01,24.8,13.5,19.15,1943,61.9,9
1943-10-01,20.9,12.3,16.6,1943,54.3,10
1943-11-01,15.5,6.8,11.15,1943,11.3,11
1943-12-01,12.4,5.7,9.05,1943,76.6,12
1944-01-01,14.4,5.6,10.0,1944,4.2,1
1944-02-01,13.7,4.4,9.05,1944,30.2,2
1944-03-01,17.4,7.2,12.3,1944,33.8,3
1944-04-01,20.4,10.9,15.65,1944,60.6,4
1944-05-01,25.2,12.6,18.9,1944,10.9,5
1944-06-01,27.6,15.7,21.65,1944,62.1,6
1944-07-01,30.4,15.4,22.9,1944,2.7,7
1944-08-01,29.7,16.5,23.1,1944,5.1,8
1944-09-01,28.0,15.4,21.7,1944,6.9,9
1944-10-01,19.3,10.4,14.85,1944,142.5,10
1944-11-01,16.3,8.5,12.4,1944,55.6,11
1944-12-01,12.2,5.0,8.6,1944,29.8,12
1945-01-01,9.1,2.6,5.85,1945,41.5,1
1945-02-01,16.2,7.0,11.6,1945,5.3,2
1945-03-01,20.7,8.7,14.7,1945,29.7,3
1945-04-01,24.4,12.7,18.55,1945,34.6,4
1945-05-01,22.6,11.6,17.1,1945,20.5,5
1945-06-01,29.1,15.4,22.25,1945,6.1,6
1945-07-01,30.4,15.1,22.75,1945,0.5,7
1945-08-01,28.5,14.7,21.6,1945,1.5,8
1945-09-01,29.3,15.2,22.25,1945,0.0,9
1945-10-01,24.1,14.4,19.25,1945,30.4,10
1945-11-01,17.6,11.2,14.4,1945,103.8,11
1945-12-01,14.2,7.4,10.8,1945,123.7,12
1946-01-01,11.4,5.1,8.25,1946,26.3,1
1946-02-01,15.3,7.1,11.2,1946,14.8,2
1946-03-01,15.0,7.4,11.2,1946,88.0,3
1946-04-01,17.0,9.0,13.0,1946,90.1,4
1946-05-01,16.8,9.5,13.15,1946,210.7,5
1946-06-01,26.4,13.2,19.8,1946,2.2,6
1946-07-01,32.8,16.8,24.8,1946,0.0,7
1946-08-01,29.1,15.0,22.05,1946,1.2,8
1946-09-01,27.7,15.0,21.35,1946,11.9,9
1946-10-01,21.9,13.6,17.75,1946,100.9,10
1946-11-01,16.3,9.1,12.7,1946,49.4,11
1946-12-01,12.2,5.7,8.95,1946,25.3,12
1947-01-01,11.3,4.7,8.0,1947,85.4,1
1947-02-01,12.0,7.2,9.6,1947,287.6,2
1947-03-01,15.4,8.9,12.15,1947,212.6,3
1947-04-01,21.5,10.8,16.15,1947,23.1,4
1947-05-01,21.8,11.1,16.45,1947,21.4,5
1947-06-01,27.5,13.8,20.65,1947,1.8,6
1947-07-01,31.2,15.6,23.4,1947,0.0,7
1947-08-01,29.9,17.2,23.55,1947,16.5,8
1947-09-01,26.9,15.7,21.3,1947,25.9,9
1947-10-01,23.0,14.5,18.75,1947,63.8,10
1947-11-01,20.3,12.0,16.15,1947,27.3,11
1947-12-01,12.6,5.2,8.9,1947,103.7,12
1948-01-01,13.2,7.3,10.25,1948,155.2,1
1948-02-01,15.5,8.0,11.75,1948,110.6,2
1948-03-01,20.0,10.2,15.1,1948,37.4,3
1948-04-01,17.8,8.3,13.05,1948,66.8,4
1948-05-01,19.4,10.4,14.9,1948,85.8,5
1948-06-01,28.7,15.0,21.85,1948,6.4,6
1948-07-01,30.5,15.3,22.9,1948,0.0,7
1948-08-01,29.9,15.9,22.9,1948,0.3,8
1948-09-01,29.6,16.2,22.9,1948,0.0,9
1948-10-01,22.6,13.5,18.05,1948,27.5,10
1948-11-01,20.3,10.9,15.6,1948,2.6,11
1948-12-01,14.5,8.2,11.35,1948,122.0,12
1949-01-01,14.5,6.2,10.35,1949,28.5,1
1949-02-01,17.0,7.9,12.45,1949,6.0,2
1949-03-01,16.6,7.9,12.25,1949,75.4,3
1949-04-01,22.4,11.5,16.95,1949,46.8,4
1949-05-01,21.7,10.9,16.3,1949,23.3,5
1949-06-01,27.9,14.7,21.3,1949,7.6,6
1949-07-01,32.3,17.8,25.05,1949,0.6,7
1949-08-01,32.9,18.5,25.7,1949,0.0,8
1949-09-01,24.9,15.8,20.35,1949,143.4,9
1949-10-01,23.2,13.5,18.35,1949,2.1,10
1949-11-01,17.1,9.9,13.5,1949,97.0,11
1949-12-01,12.7,6.6,9.65,1949,95.0,12
1950-01-01,12.3,5.5,8.9,1950,60.2,1
1950-02-01,14.5,6.7,10.6,1950,55.0,2
1950-03-01,16.7,7.9,12.3,1950,87.8,3
1950-04-01,19.5,8.9,14.2,1950,24.5,4
1950-05-01,20.9,10.9,15.9,1950,119.3,5
1950-06-01,26.4,14.3,20.35,1950,21.6,6
1950-07-01,30.7,16.2,23.45,1950,0.6,7
1950-08-01,29.7,15.4,22.55,1950,0.0,8
1950-09-01,28.1,14.3,21.2,1950,4.9,9
1950-10-01,22.6,13.0,17.8,1950,17.2,10
1950-11-01,18.2,10.6,14.4,1950,49.0,11
1950-12-01,11.4,5.1,8.25,1950,74.4,12
1951-01-01,12.3,5.7,9.0,1951,83.5,1
1951-02-01,11.6,5.8,8.7,1951,94.0,2
1951-03-01,15.4,7.4,11.4,1951,125.3,3
1951-04-01,18.4,8.6,13.5,1951,30.2,4
1951-05-01,18.3,9.5,13.9,1951,28.4,5
1951-06-01,27.3,14.0,20.65,1951,16.0,6
1951-07-01,29.0,15.7,22.35,1951,0.0,7
1951-08-01,28.3,15.2,21.75,1951,0.9,8
1951-09-01,27.5,15.5,21.5,1951,35.0,9
1951-10-01,20.3,11.9,16.1,1951,50.2,10
1951-11-01,14.6,8.7,11.65,1951,235.1,11
1951-12-01,13.6,7.6,10.6,1951,28.1,12
1952-01-01,10.7,3.5,7.1,1952,77.2,1
1952-02-01,13.5,6.0,9.75,1952,33.7,2
1952-03-01,17.8,9.3,13.55,1952,127.7,3
1952-04-01,17.8,8.9,13.35,1952,90.3,4
1952-05-01,21.2,11.7,16.45,1952,64.3,5
1952-06-01,25.9,15.2,20.55,1952,33.9,6
1952-07-01,29.7,16.1,22.9,1952,3.2,7
1952-08-01,27.9,15.1,21.5,1952,10.9,8
1952-09-01,24.6,13.8,19.2,1952,61.0,9
1952-10-01,21.2,12.7,16.95,1952,63.2,10
1952-11-01,16.8,8.8,12.8,1952,71.3,11
1952-12-01,13.1,6.6,9.85,1952,84.5,12
1953-01-01,12.0,4.8,8.4,1953,57.2,1
1953-02-01,13.5,5.7,9.6,1953,16.8,2
1953-03-01,16.7,7.5,12.1,1953,72.1,3
1953-04-01,18.2,9.5,13.85,1953,41.8,4
1953-05-01,25.7,13.3,19.5,1953,8.7,5
1953-06-01,25.3,12.8,19.05,1953,8.6,6
1953-07-01,30.5,15.8,23.15,1953,0.4,7
1953-08-01,32.4,17.5,24.95,1953,0.1,8
1953-09-01,27.7,16.5,22.1,1953,23.4,9
1953-10-01,20.5,12.7,16.6,1953,108.4,10
1953-11-01,18.0,10.3,14.15,1953,51.4,11
1953-12-01,14.3,8.6,11.45,1953,77.8,12
1954-01-01,10.0,3.6,6.8,1954,21.6,1
1954-02-01,11.7,4.6,8.15,1954,12.4,2
1954-03-01,14.1,7.1,10.6,1954,116.2,3
1954-04-01,18.0,8.5,13.25,1954,37.5,4
1954-05-01,23.1,11.6,17.35,1954,5.9,5
1954-06-01,25.3,12.6,18.95,1954,17.0,6
1954-07-01,31.6,16.0,23.8,1954,0.0,7
1954-08-01,27.9,15.2,21.55,1954,2.8,8
1954-09-01,27.5,14.5,21.0,1954,0.5,9
1954-10-01,24.8,14.7,19.75,1954,15.0,10
1954-11-01,17.3,10.9,14.1,1954,142.6,11
1954-12-01,13.9,6.8,10.35,1954,29.0,12
1955-01-01,13.7,9.4,11.55,1955,159.2,1
1955-02-01,13.5,6.7,10.1,1955,118.0,2
1955-03-01,14.2,7.0,10.6,1955,93.7,3
1955-04-01,21.4,11.3,16.35,1955,7.6,4
1955-05-01,24.5,12.8,18.65,1955,40.0,5
1955-06-01,26.9,14.6,20.75,1955,5.0,6
1955-07-01,29.2,15.0,22.1,1955,0.0,7
1955-08-01,30.8,16.9,23.85,1955,3.8,8
1955-09-01,28.6,16.3,22.45,1955,0.0,9
1955-10-01,22.3,13.7,18.0,1955,48.4,10
1955-11-01,16.1,9.9,13.0,1955,130.9,11
1955-12-01,14.5,8.4,11.45,1955,201.5,12
1956-01-01,12.5,7.0,9.75,1956,196.6,1
1956-02-01,9.0,1.1,5.05,1956,42.8,2
1956-03-01,14.9,7.3,11.1,1956,155.7,3
1956-04-01,16.6,9.1,12.85,1956,101.4,4
1956-05-01,22.2,12.2,17.2,1956,53.7,5
1956-06-01,26.6,14.5,20.55,1956,0.0,6
1956-07-01,28.6,15.4,22.0,1956,0.2,7
1956-08-01,27.8,15.2,21.5,1956,7.1,8
1956-09-01,24.4,14.0,19.2,1956,59.2,9
1956-10-01,22.1,13.7,17.9,1956,31.2,10
1956-11-01,14.6,6.6,10.6,1956,27.4,11
1956-12-01,13.5,5.4,9.45,1956,41.3,12
1957-01-01,11.6,4.1,7.85,1957,20.6,1
1957-02-01,13.7,7.2,10.45,1957,68.4,2
1957-03-01,17.1,9.2,13.15,1957,88.9,3
1957-04-01,17.9,8.7,13.3,1957,53.4,4
1957-05-01,20.8,10.9,15.85,1957,46.3,5
1957-06-01,24.7,13.6,19.15,1957,19.6,6
1957-07-01,31.1,17.2,24.15,1957,9.4,7
1957-08-01,31.0,16.7,23.85,1957,0.0,8
1957-09-01,28.4,16.9,22.65,1957,8.8,9
1957-10-01,21.8,12.2,17.0,1957,29.0,10
1957-11-01,16.0,8.3,12.15,1957,61.1,11
1957-12-01,11.5,4.7,8.1,1957,50.4,12
1958-01-01,12.0,6.0,9.0,1958,104.2,1
1958-02-01,15.0,8.5,11.75,1958,34.5,2
1958-03-01,15.3,7.8,11.55,1958,82.7,3
1958-04-01,18.5,8.5,13.5,1958,36.1,4
1958-05-01,22.7,11.8,17.25,1958,1.7,5
1958-06-01,24.7,13.5,19.1,1958,12.7,6
1958-07-01,29.3,15.1,22.2,1958,1.0,7
1958-08-01,29.1,16.1,22.6,1958,9.0,8
1958-09-01,27.2,15.1,21.15,1958,1.0,9
1958-10-01,23.0,13.0,18.0,1958,7.0,10
1958-11-01,17.6,8.8,13.2,1958,8.9,11
1958-12-01,13.2,7.7,10.45,1958,334.8,12
1959-01-01,13.1,8.0,10.55,1959,93.1,1
1959-02-01,13.4,6.3,9.85,1959,48.6,2
1959-03-01,14.4,7.9,11.15,1959,111.7,3
1959-04-01,17.5,9.4,13.45,1959,35.3,4
1959-05-01,20.6,11.8,16.2,1959,62.2,5
1959-06-01,26.7,13.9,20.3,1959,0.0,6
1959-07-01,30.9,16.5,23.7,1959,0.0,7
1959-08-01,29.6,16.6,23.1,1959,0.2,8
1959-09-01,25.9,15.8,20.85,1959,13.6,9
1959-10-01,20.6,12.7,16.65,1959,62.8,10
1959-11-01,15.5,8.7,12.1,1959,102.6,11
1959-12-01,12.2,6.9,9.55,1959,123.9,12
1960-01-01,12.2,6.1,9.15,1960,89.5,1
1960-02-01,13.6,7.3,10.45,1960,115.4,2
1960-03-01,15.2,8.4,11.8,1960,136.3,3
1960-04-01,19.5,10.1,14.8,1960,63.8,4
1960-05-01,21.9,11.9,16.9,1960,101.8,5
1960-06-01,27.4,14.5,20.95,1960,34.7,6
1960-07-01,29.2,15.8,22.5,1960,0.0,7
1960-08-01,27.9,14.9,21.4,1960,9.4,8
1960-09-01,27.0,15.5,21.25,1960,20.8,9
1960-10-01,18.2,11.3,14.75,1960,207.7,10
1960-11-01,15.0,10.2,12.6,1960,144.6,11
1960-12-01,11.4,5.8,8.6,1960,62.7,12
1961-01-01,11.1,5.4,8.25,1961,37.6,1
1961-02-01,16.8,8.1,12.45,1961,2.0,2
1961-03-01,20.2,10.2,15.2,1961,23.7,3
1961-04-01,18.3,10.1,14.2,1961,49.1,4
1961-05-01,24.4,13.4,18.9,1961,111.6,5
1961-06-01,26.8,14.7,20.75,1961,56.2,6
1961-07-01,30.5,16.5,23.5,1961,0.0,7
1961-08-01,33.1,19.0,26.05,1961,0.0,8
1961-09-01,27.5,15.7,21.6,1961,55.2,9
1961-10-01,20.0,11.8,15.9,1961,40.8,10
1961-11-01,15.2,8.9,12.05,1961,129.1,11
1961-12-01,14.0,8.1,11.05,1961,111.7,12
1962-01-01,12.9,6.5,9.7,1962,54.7,1
1962-02-01,14.4,5.5,9.95,1962,48.9,2
1962-03-01,14.0,8.1,11.05,1962,182.8,3
1962-04-01,18.8,9.5,14.15,1962,5.2,4
1962-05-01,22.7,11.0,16.85,1962,19.2,5
1962-06-01,27.9,15.3,21.6,1962,26.4,6
1962-07-01,29.6,15.1,22.35,1962,0.0,7
1962-08-01,32.0,17.0,24.5,1962,0.0,8
1962-09-01,28.1,15.6,21.85,1962,29.9,9
1962-10-01,22.5,14.6,18.55,1962,178.4,10
1962-11-01,13.9,7.0,10.45,1962,70.3,11
1962-12-01,12.3,5.7,9.0,1962,83.4,12
1963-01-01,11.6,6.6,9.1,1963,189.3,1
1963-02-01,11.0,5.6,8.3,1963,127.8,2
1963-03-01,14.7,7.9,11.3,1963,74.9,3
1963-04-01,18.3,9.7,14.0,1963,94.1,4
1963-05-01,22.7,11.4,17.05,1963,19.4,5
1963-06-01,24.9,13.3,19.1,1963,25.3,6
1963-07-01,30.3,15.9,23.1,1963,0.0,7
1963-08-01,28.8,15.0,21.9,1963,0.0,8
1963-09-01,25.9,14.3,20.1,1963,22.2,9
1963-10-01,25.2,14.0,19.6,1963,16.9,10
1963-11-01,15.5,10.3,12.9,1963,179.9,11
1963-12-01,11.8,6.1,8.95,1963,172.5,12
1964-01-01,13.1,5.9,9.5,1964,16.2,1
1964-02-01,13.8,7.6,10.7,1964,141.8,2
1964-03-01,13.8,7.6,10.7,1964,105.4,3
1964-04-01,18.7,8.6,13.65,1964,28.1,4
1964-05-01,25.9,12.8,19.35,1964,5.2,5
1964-06-01,26.9,15.0,20.95,1964,20.3,6
1964-07-01,29.7,15.3,22.5,1964,17.5,7
1964-08-01,30.8,17.0,23.9,1964,2.1,8
1964-09-01,29.0,17.7,23.35,1964,23.8,9
1964-10-01,21.5,12.0,16.75,1964,3.0,10
1964-11-01,17.1,9.4,13.25,1964,42.4,11
1964-12-01,11.9,4.4,8.15,1964,38.2,12
1965-01-01,12.0,5.3,8.65,1965,59.2,1
1965-02-01,12.2,4.8,8.5,1965,99.3,2
1965-03-01,16.0,8.3,12.15,1965,64.3,3
1965-04-01,20.1,9.5,14.8,1965,3.8,4
1965-05-01,26.1,13.4,19.75,1965,9.1,5
1965-06-01,27.7,14.2,20.95,1965,14.2,6
1965-07-01,27.6,13.8,20.7,1965,0.0,7
1965-08-01,30.9,16.7,23.8,1965,0.0,8
1965-09-01,24.4,13.9,19.15,1965,56.0,9
1965-10-01,20.0,14.1,17.05,1965,154.8,10
1965-11-01,14.2,8.8,11.5,1965,113.0,11
1965-12-01,12.7,7.7,10.2,1965,40.0,12
1966-01-01,13.8,9.2,11.5,1966,125.1,1
1966-02-01,14.0,8.0,11.0,1966,161.2,2
1966-03-01,17.3,7.9,12.6,1966,0.0,3
1966-04-01,17.9,9.9,13.9,1966,123.1,4
1966-05-01,24.7,12.4,18.55,1966,10.3,5
1966-06-01,25.5,14.4,19.95,1966,9.0,6
1966-07-01,30.1,15.8,22.95,1966,0.0,7
1966-08-01,29.4,15.7,22.55,1966,4.3,8
1966-09-01,29.0,17.3,23.15,1966,7.7,9
1966-10-01,18.5,11.8,15.15,1966,121.3,10
1966-11-01,13.6,6.8,10.2,1966,40.8,11
1966-12-01,13.3,6.2,9.75,1966,9.7,12
1967-01-01,13.0,5.7,9.35,1967,61.1,1
1967-02-01,14.5,7.2,10.85,1967,63.0,2
1967-03-01,18.1,10.0,14.05,1967,30.6,3
1967-04-01,18.5,8.9,13.7,1967,48.8,4
1967-05-01,19.8,9.9,14.85,1967,40.1,5
1967-06-01,26.7,15.0,20.85,1967,72.0,6
1967-07-01,30.3,15.1,22.7,1967,0.0,7
1967-08-01,29.4,15.3,22.35,1967,0.2,8
1967-09-01,26.0,14.9,20.45,1967,4.2,9
1967-10-01,22.4,12.9,17.65,1967,50.3,10
1967-11-01,14.8,8.8,11.8,1967,63.3,11
1967-12-01,11.9,4.9,8.4,1967,16.0,12
1968-01-01,14.0,5.2,9.6,1968,5.8,1
1968-02-01,12.7,6.9,9.8,1968,179.6,2
1968-03-01,14.7,7.2,10.95,1968,89.6,3
1968-04-01,16.6,8.6,12.6,1968,32.7,4
1968-05-01,21.8,11.2,16.5,1968,28.1,5
1968-06-01,27.9,13.9,20.9,1968,10.1,6
1968-07-01,30.0,16.3,23.15,1968,0.0,7
1968-08-01,29.4,16.2,22.8,1968,1.3,8
1968-09-01,25.6,14.7,20.15,1968,7.5,9
1968-10-01,25.1,15.4,20.25,1968,34.2,10
1968-11-01,16.1,9.8,12.95,1968,183.8,11
1968-12-01,11.9,6.0,8.95,1968,79.4,12
1969-01-01,12.8,6.8,9.8,1969,92.4,1
1969-02-01,11.4,5.5,8.45,1969,137.7,2
1969-03-01,14.2,7.8,11.0,1969,174.6,3
1969-04-01,17.2,8.4,12.8,1969,49.4,4
1969-05-01,19.4,10.4,14.9,1969,49.9,5
1969-06-01,24.4,13.6,19.0,1969,69.2,6
1969-07-01,32.9,17.7,25.3,1969,0.2,7
1969-08-01,30.6,16.8,23.7,1969,0.0,8
1969-09-01,22.8,13.6,18.2,1969,34.2,9
1969-10-01,20.9,13.3,17.1,1969,79.9,10
1969-11-01,14.7,7.9,11.3,1969,100.0,11
1969-12-01,11.5,5.2,8.35,1969,36.2,12
1970-01-01,12.5,7.9,10.2,1970,342.4,1
1970-02-01,13.6,5.7,9.65,1970,24.0,2
1970-03-01,14.4,6.0,10.2,1970,36.9,3
1970-04-01,19.3,8.6,13.95,1970,6.1,4
1970-05-01,22.5,12.2,17.35,1970,61.9,5
1970-06-01,23.6,13.1,18.35,1970,105.1,6
1970-07-01,30.4,16.4,23.4,1970,0.0,7
1970-08-01,28.9,15.0,21.95,1970,4.1,8
1970-09-01,29.2,16.0,22.6,1970,1.0,9
1970-10-01,22.9,12.4,17.65,1970,1.8,10
1970-11-01,19.5,10.8,15.15,1970,32.5,11
1970-12-01,11.2,2.8,7.0,1970,35.7,12
1971-01-01,11.2,5.4,8.3,1971,172.4,1
1971-02-01,15.3,6.4,10.85,1971,4.3,2
1971-03-01,14.0,5.3,9.65,1971,30.2,3
1971-04-01,15.9,8.6,12.25,1971,131.7,4
1971-05-01,17.7,9.4,13.55,1971,121.2,5
1971-06-01,23.0,12.5,17.75,1971,49.9,6
1971-07-01,28.9,16.0,22.45,1971,27.5,7
1971-08-01,27.6,14.4,21.0,1971,2.3,8
1971-09-01,27.9,15.4,21.65,1971,2.4,9
1971-10-01,25.2,14.7,19.95,1971,5.5,10
1971-11-01,15.6,6.6,11.1,1971,6.9,11
1971-12-01,13.9,6.5,10.2,1971,41.4,12
1972-01-01,11.1,4.3,7.7,1972,130.8,1
1972-02-01,12.2,6.2,9.2,1972,154.5,2
1972-03-01,13.7,6.6,10.15,1972,80.4,3
1972-04-01,18.8,8.7,13.75,1972,13.2,4
1972-05-01,20.7,9.0,14.85,1972,21.9,5
1972-06-01,23.8,10.7,17.25,1972,2.9,6
1972-07-01,28.3,15.4,21.85,1972,3.1,7
1972-08-01,28.6,15.7,22.15,1972,0.0,8
1972-09-01,23.6,13.9,18.75,1972,43.6,9
1972-10-01,19.0,11.8,15.4,1972,124.0,10
1972-11-01,15.5,9.6,12.55,1972,48.5,11
1972-12-01,12.5,6.5,9.5,1972,104.3,12
1973-01-01,12.3,5.0,8.65,1973,101.4,1
1973-02-01,13.0,5.1,9.05,1973,23.1,2
1973-03-01,15.4,6.8,11.1,1973,23.4,3
1973-04-01,19.8,9.2,14.5,1973,13.2,4
1973-05-01,21.6,11.3,16.45,1973,63.9,5
1973-06-01,27.0,14.6,20.8,1973,16.4,6
1973-07-01,28.3,14.9,21.6,1973,6.6,7
1973-08-01,32.2,16.7,24.45,1973,0.0,8
1973-09-01,25.9,15.0,20.45,1973,9.4,9
1973-10-01,21.3,12.6,16.95,1973,35.1,10
1973-11-01,17.9,9.7,13.8,1973,41.4,11
1973-12-01,12.6,4.8,8.7,1973,85.5,12
1974-01-01,13.7,7.5,10.6,1974,66.3,1
1974-02-01,13.1,5.8,9.45,1974,94.0,2
1974-03-01,14.4,6.6,10.5,1974,51.6,3
1974-04-01,15.6,7.8,11.7,1974,53.8,4
1974-05-01,22.4,11.3,16.85,1974,28.4,5
1974-06-01,25.4,13.9,19.65,1974,37.5,6
1974-07-01,32.8,17.6,25.2,1974,0.0,7
1974-08-01,30.6,15.8,23.2,1974,0.0,8
1974-09-01,25.7,13.1,19.4,1974,2.0,9
1974-10-01,19.8,9.4,14.6,1974,12.4,10
1974-11-01,17.2,9.0,13.1,1974,57.9,11
1974-12-01,15.8,6.9,11.35,1974,16.5,12
1975-01-01,14.1,6.8,10.45,1975,59.6,1
1975-02-01,14.3,7.8,11.05,1975,81.1,2
1975-03-01,13.7,6.1,9.9,1975,138.7,3
1975-04-01,18.3,8.2,13.25,1975,30.2,4
1975-05-01,19.6,10.3,14.95,1975,67.2,5
1975-06-01,25.3,13.2,19.25,1975,4.7,6
1975-07-01,30.3,14.8,22.55,1975,0.0,7
1975-08-01,31.1,16.8,23.95,1975,0.0,8
1975-09-01,24.8,13.8,19.3,1975,30.4,9
1975-10-01,22.5,12.7,17.6,1975,18.5,10
1975-11-01,17.4,9.1,13.25,1975,15.9,11
1975-12-01,11.7,4.7,8.2,1975,77.7,12
1976-01-01,14.8,5.3,10.05,1976,35.2,1
1976-02-01,14.3,7.1,10.7,1976,64.1,2
1976-03-01,16.8,7.7,12.25,1976,39.0,3
1976-04-01,15.6,7.7,11.65,1976,86.0,4
1976-05-01,22.4,10.8,16.6,1976,8.4,5
1976-06-01,30.9,15.6,23.25,1976,15.6,6
1976-07-01,30.7,15.7,23.2,1976,1.0,7
1976-08-01,29.7,16.9,23.3,1976,19.2,8
1976-09-01,24.7,13.8,19.25,1976,49.7,9
1976-10-01,18.4,10.9,14.65,1976,87.7,10
1976-11-01,14.7,6.6,10.65,1976,84.0,11
1976-12-01,13.0,7.9,10.45,1976,144.2,12
1977-01-01,11.8,6.4,9.1,1977,142.9,1
1977-02-01,13.3,7.7,10.5,1977,167.9,2
1977-03-01,16.8,8.3,12.55,1977,18.1,3
1977-04-01,19.6,9.2,14.4,1977,14.5,4
1977-05-01,20.6,9.6,15.1,1977,7.9,5
1977-06-01,23.7,11.5,17.6,1977,50.7,6
1977-07-01,26.9,14.0,20.45,1977,72.9,7
1977-08-01,27.2,14.3,20.75,1977,1.3,8
1977-09-01,30.0,16.5,23.25,1977,25.5,9
1977-10-01,21.4,12.6,17.0,1977,105.8,10
1977-11-01,15.7,8.6,12.15,1977,57.6,11
1977-12-01,14.7,9.1,11.9,1977,213.9,12
1978-01-01,11.8,6.1,8.95,1978,36.7,1
1978-02-01,13.7,7.3,10.5,1978,182.9,2
1978-03-01,16.3,7.3,11.8,1978,58.1,3
1978-04-01,15.8,7.9,11.85,1978,97.5,4
1978-05-01,19.3,10.1,14.7,1978,41.9,5
1978-06-01,22.1,12.3,17.2,1978,20.6,6
1978-07-01,30.7,15.6,23.15,1978,0.0,7
1978-08-01,31.0,15.7,23.35,1978,0.0,8
1978-09-01,31.4,18.7,25.05,1978,61.3,9
1978-10-01,23.0,12.9,17.95,1978,40.2,10
1978-11-01,17.2,9.6,13.4,1978,51.7,11
1978-12-01,14.0,8.9,11.45,1978,238.6,12
1979-01-01,12.8,7.2,10.0,1979,130.3,1
1979-02-01,13.2,7.7,10.45,1979,145.6,2
1979-03-01,13.6,6.2,9.9,1979,84.0,3
1979-04-01,17.3,8.1,12.7,1979,62.4,4
1979-05-01,21.8,10.8,16.3,1979,4.8,5
1979-06-01,27.9,14.2,21.05,1979,42.2,6
1979-07-01,29.9,16.8,23.35,1979,42.1,7
1979-08-01,30.4,16.0,23.2,1979,0.0,8
1979-09-01,27.3,14.8,21.05,1979,10.0,9
1979-10-01,18.6,11.9,15.25,1979,216.6,10
1979-11-01,17.4,8.6,13.0,1979,16.3,11
1979-12-01,14.1,7.6,10.85,1979,13.1,12
1980-01-01,13.0,6.2,9.6,1980,33.3,1
1980-02-01,14.1,7.0,10.55,1980,50.8,2
1980-03-01,14.7,7.7,11.2,1980,71.4,3
1980-04-01,19.7,10.2,14.95,1980,21.8,4
1980-05-01,20.0,11.1,15.55,1980,39.7,5
1980-06-01,26.0,13.3,19.65,1980,3.0,6
1980-07-01,29.7,15.4,22.55,1980,0.2,7
1980-08-01,30.8,16.7,23.75,1980,10.5,8
1980-09-01,29.7,16.4,23.05,1980,49.5,9
1980-10-01,21.8,12.9,17.35,1980,51.0,10
1980-11-01,16.0,8.1,12.05,1980,51.1,11
1980-12-01,12.9,4.9,8.9,1980,4.1,12
1981-01-01,14.8,5.0,9.9,1981,3.2,1
1981-02-01,14.6,5.5,10.05,1981,27.7,2
1981-03-01,17.3,9.2,13.25,1981,76.6,3
1981-04-01,16.1,8.4,12.25,1981,75.3,4
1981-05-01,20.1,9.9,15.0,1981,29.2,5
1981-06-01,29.5,16.1,22.8,1981,3.7,6
1981-07-01,31.2,17.2,24.2,1981,0.3,7
1981-08-01,31.4,16.4,23.9,1981,0.1,8
1981-09-01,27.0,16.4,21.7,1981,39.7,9
1981-10-01,22.7,13.1,17.9,1981,26.7,10
1981-11-01,22.2,12.4,17.3,1981,3.6,11
1981-12-01,14.6,8.7,11.65,1981,185.0,12
1982-01-01,13.5,6.9,10.2,1982,72.6,1
1982-02-01,14.0,7.2,10.6,1982,53.8,2
1982-03-01,17.7,7.9,12.8,1982,29.3,3
1982-04-01,19.6,10.2,14.9,1982,57.3,4
1982-05-01,23.2,11.0,17.1,1982,6.8,5
1982-06-01,26.7,13.8,20.25,1982,8.9,6
1982-07-01,27.0,14.8,20.9,1982,4.8,7
1982-08-01,30.7,16.6,23.65,1982,25.2,8
1982-09-01,26.5,16.4,21.45,1982,52.4,9
1982-10-01,20.2,11.4,15.8,1982,17.8,10
1982-11-01,15.6,9.1,12.35,1982,90.4,11
1982-12-01,12.4,6.3,9.35,1982,45.9,12
1983-01-01,14.3,5.5,9.9,1983,0.6,1
1983-02-01,12.1,5.0,8.55,1983,36.6,2
1983-03-01,18.7,9.1,13.9,1983,9.2,3
1983-04-01,16.5,8.2,12.35,1983,77.6,4
1983-05-01,18.6,9.6,14.1,1983,41.8,5
1983-06-01,27.9,15.4,21.65,1983,10.6,6
1983-07-01,26.5,15.1,20.8,1983,0.7,7
1983-08-01,28.1,16.3,22.2,1983,0.3,8
1983-09-01,30.1,17.6,23.85,1983,39.2,9
1983-10-01,23.8,13.9,18.85,1983,26.8,10
1983-11-01,17.5,12.0,14.75,1983,226.5,11
1983-12-01,14.1,6.8,10.45,1983,99.1,12
1984-01-01,12.2,6.1,9.15,1984,31.8,1
1984-02-01,13.2,5.3,9.25,1984,10.9,2
1984-03-01,13.8,6.0,9.9,1984,92.2,3
1984-04-01,20.0,11.6,15.8,1984,70.8,4
1984-05-01,16.6,8.9,12.75,1984,55.1,5
1984-06-01,24.9,13.8,19.35,1984,63.6,6
1984-07-01,30.3,15.2,22.75,1984,1.2,7
1984-08-01,30.3,16.4,23.35,1984,0.7,8
1984-09-01,27.7,15.0,21.35,1984,4.0,9
1984-10-01,22.3,12.1,17.2,1984,80.3,10
1984-11-01,15.5,9.6,12.55,1984,121.6,11
1984-12-01,13.8,7.6,10.7,1984,100.1,12
1985-01-01,11.5,4.1,7.8,1985,215.9,1
1985-02-01,14.8,8.5,11.65,1985,142.5,2
1985-03-01,15.1,6.8,10.95,1985,13.6,3
1985-04-01,18.6,9.9,14.25,1985,88.4,4
1985-05-01,19.0,10.1,14.55,1985,48.4,5
1985-06-01,26.3,14.6,20.45,1985,15.0,6
1985-07-01,30.3,16.2,23.25,1985,2.3,7
1985-08-01,30.6,15.4,23.0,1985,0.0,8
1985-09-01,31.0,17.6,24.3,1985,2.7,9
1985-10-01,25.5,14.2,19.85,1985,2.0,10
1985-11-01,16.3,8.7,12.5,1985,114.4,11
1985-12-01,13.8,7.2,10.5,1985,83.4,12
1986-01-01,12.4,5.5,8.95,1986,48.4,1
1986-02-01,12.5,6.6,9.55,1986,173.2,2
1986-03-01,15.4,7.2,11.3,1986,18.5,3
1986-04-01,14.2,6.2,10.2,1986,73.7,4
1986-05-01,24.0,11.6,17.8,1986,24.3,5
1986-06-01,27.3,13.6,20.45,1986,2.5,6
1986-07-01,32.3,17.0,24.65,1986,0.0,7
1986-08-01,28.5,14.8,21.65,1986,0.8,8
1986-09-01,25.9,16.5,21.2,1986,68.6,9
1986-10-01,22.9,13.7,18.3,1986,39.7,10
1986-11-01,17.4,9.2,13.3,1986,44.5,11
1986-12-01,13.7,6.6,10.15,1986,36.0,12
1987-01-01,12.5,5.4,8.95,1987,115.6,1
1987-02-01,13.7,6.4,10.05,1987,89.7,2
1987-03-01,18.4,9.5,13.95,1987,19.7,3
1987-04-01,18.9,10.2,14.55,1987,82.7,4
1987-05-01,23.2,12.1,17.65,1987,3.6,5
1987-06-01,27.9,14.6,21.25,1987,1.2,6
1987-07-01,30.6,17.3,23.95,1987,5.8,7
1987-08-01,30.3,17.7,24.0,1987,22.8,8
1987-09-01,30.3,18.9,24.6,1987,29.3,9
1987-10-01,18.1,11.5,14.8,1987,136.3,10
1987-11-01,16.1,9.5,12.8,1987,37.7,11
1987-12-01,14.2,9.0,11.6,1987,159.0,12
1988-01-01,12.7,7.3,10.0,1988,159.2,1
1988-02-01,13.1,6.3,9.7,1988,25.8,2
1988-03-01,18.2,8.3,13.25,1988,3.4,3
1988-04-01,17.8,9.5,13.65,1988,37.1,4
1988-05-01,19.6,11.1,15.35,1988,63.4,5
1988-06-01,23.0,13.9,18.45,1988,103.0,6
1988-07-01,28.7,15.6,22.15,1988,39.7,7
1988-08-01,30.5,15.9,23.2,1988,0.0,8
1988-09-01,30.2,16.9,23.55,1988,2.8,9
1988-10-01,22.1,13.1,17.6,1988,83.8,10
1988-11-01,17.1,11.0,14.05,1988,58.7,11
1988-12-01,13.9,6.0,9.95,1988,10.1,12
1989-01-01,13.8,5.9,9.85,1989,38.3,1
1989-02-01,15.2,7.7,11.45,1989,47.2,2
1989-03-01,18.3,8.6,13.45,1989,39.1,3
1989-04-01,15.7,7.8,11.75,1989,63.4,4
1989-05-01,23.2,13.1,18.15,1989,105.7,5
1989-06-01,28.0,15.3,21.65,1989,0.2,6
1989-07-01,33.5,18.9,26.2,1989,0.0,7
1989-08-01,29.8,17.5,23.65,1989,16.0,8
1989-09-01,27.2,15.7,21.45,1989,33.6,9
1989-10-01,23.5,14.9,19.2,1989,101.1,10
1989-11-01,16.0,10.4,13.2,1989,214.4,11
1989-12-01,14.0,9.4,11.7,1989,229.2,12
1990-01-01,12.4,6.1,9.25,1990,47.4,1
1990-02-01,16.2,8.2,12.2,1990,14.9,2
1990-03-01,17.9,8.6,13.25,1990,32.2,3
1990-04-01,16.8,8.2,12.5,1990,90.1,4
1990-05-01,23.5,12.6,18.05,1990,9.8,5
1990-06-01,26.0,13.9,19.95,1990,1.0,6
1990-07-01,32.5,18.0,25.25,1990,0.0,7
1990-08-01,32.0,17.8,24.9,1990,0.1,8
1990-09-01,27.7,16.0,21.85,1990,5.5,9
1990-10-01,20.1,12.8,16.45,1990,181.9,10
1990-11-01,15.6,8.1,11.85,1990,89.6,11
1990-12-01,11.6,6.2,8.9,1990,28.3,12
1991-01-01,12.1,5.2,8.65,1991,30.5,1
1991-02-01,11.7,4.7,8.2,1991,,2
1991-03-01,15.4,7.8,11.6,1991,,3
1991-04-01,18.0,8.3,13.15,1991,20.5,4
1991-05-01,24.2,11.8,18.0,1991,0.0,5
1991-06-01,28.4,14.1,21.25,1991,20.7,6
1991-07-01,31.3,17.9,24.6,1991,0.4,7
1991-08-01,32.2,18.7,25.45,1991,0.9,8
1991-09-01,28.1,16.9,22.5,1991,24.3,9
1991-10-01,19.7,11.1,15.4,1991,42.2,10
1991-11-01,16.2,8.5,12.35,1991,14.9,11
1991-12-01,14.1,7.0,10.55,1991,48.6,12
1992-01-01,11.7,3.2,7.45,1992,23.2,1
1992-02-01,14.7,6.0,10.35,1992,22.5,2
1992-03-01,18.9,8.1,13.5,1992,13.1,3
1992-04-01,20.2,9.4,14.8,1992,58.9,4
1992-05-01,24.2,13.2,18.7,1992,50.2,5
1992-06-01,22.6,12.6,17.6,1992,46.1,6
1992-07-01,32.2,16.9,24.55,1992,0.2,7
1992-08-01,30.9,18.2,24.55,1992,5.8,8
1992-09-01,27.0,13.9,20.45,1992,21.4,9
1992-10-01,18.3,10.7,14.5,1992,59.6,10
1992-11-01,17.9,10.2,14.05,1992,5.6,11
1992-12-01,13.0,7.3,10.15,1992,88.0,12
1993-01-01,13.5,5.3,9.4,1993,23.6,1
1993-02-01,14.4,6.2,10.3,1993,40.9,2
1993-03-01,16.6,7.4,12.0,1993,30.0,3
1993-04-01,17.0,8.1,12.55,1993,63.9,4
1993-05-01,18.7,10.2,14.45,1993,81.2,5
1993-06-01,25.4,14.7,20.05,1993,11.5,6
1993-07-01,31.7,16.9,24.3,1993,0.0,7
1993-08-01,29.5,16.5,23.0,1993,8.3,8
1993-09-01,22.5,13.3,17.9,1993,44.4,9
1993-10-01,17.4,10.2,13.8,1993,156.7,10
1993-11-01,15.1,8.6,11.85,1993,95.3,11
1993-12-01,13.1,6.3,9.7,1993,7.6,12
1994-01-01,12.5,5.3,8.9,1994,78.2,1
1994-02-01,13.2,5.9,9.55,1994,96.6,2
1994-03-01,19.7,9.5,14.6,1994,4.7,3
1994-04-01,18.5,8.1,13.3,1994,27.0,4
1994-05-01,20.5,11.3,15.9,1994,96.5,5
1994-06-01,28.1,15.0,21.55,1994,0.0,6
1994-07-01,29.8,14.6,22.2,1994,0.0,7
1994-08-01,29.9,15.7,22.8,1994,0.3,8
1994-09-01,24.9,14.0,19.45,1994,0.6,9
1994-10-01,21.2,13.2,17.2,1994,56.0,10
1994-11-01,17.8,10.6,14.2,1994,64.1,11
1994-12-01,14.1,7.7,10.9,1994,37.3,12
1995-01-01,13.4,7.0,10.2,1995,42.9,1
1995-02-01,14.8,7.9,11.35,1995,48.8,2
1995-03-01,18.3,8.9,13.6,1995,16.6,3
1995-04-01,23.2,7.7,15.45,1995,25.8,4
1995-05-01,26.5,12.0,19.25,1995,18.9,5
1995-06-01,29.0,13.8,21.4,1995,28.1,6
1995-07-01,33.1,16.6,24.85,1995,35.7,7
1995-08-01,33.5,16.8,25.15,1995,0.0,8
1995-09-01,26.2,13.8,20.0,1995,36.9,9
1995-10-01,26.2,13.4,19.8,1995,13.8,10
1995-11-01,18.2,11.3,14.75,1995,202.8,11
1995-12-01,14.5,9.0,11.75,1995,297.0,12
1996-01-01,12.6,7.9,10.25,1996,276.5,1
1996-02-01,12.1,5.5,8.8,1996,54.2,2
1996-03-01,15.8,8.6,12.2,1996,,3
1996-04-01,19.7,10.4,15.05,1996,34.0,4
1996-05-01,20.7,11.6,16.15,1996,110.1,5
1996-06-01,29.1,16.1,22.6,1996,0.0,6
1996-07-01,31.0,16.9,23.95,1996,1.7,7
1996-08-01,26.0,15.6,20.8,1996,0.0,8
1996-09-01,24.9,15.1,20.0,1996,41.9,9
1996-10-01,24.2,10.9,17.55,1996,36.8,10
1996-11-01,18.0,7.7,12.85,1996,59.5,11
1996-12-01,14.2,7.3,10.75,1996,232.7,12
1997-01-01,12.4,6.1,9.25,1997,139.3,1
1997-02-01,16.7,8.7,12.7,1997,3.6,2
1997-03-01,23.2,11.7,17.45,1997,0.0,3
1997-04-01,22.4,12.5,17.45,1997,38.3,4
1997-05-01,20.8,12.1,16.45,1997,102.9,5
1997-06-01,22.8,13.4,18.1,1997,36.2,6
1997-07-01,28.6,16.0,22.3,1997,8.0,7
1997-08-01,29.4,16.6,23.0,1997,74.0,8
1997-09-01,28.5,16.9,22.7,1997,21.8,9
1997-10-01,23.0,15.1,19.05,1997,127.8,10
1997-11-01,16.2,10.5,13.35,1997,245.4,11
1997-12-01,13.8,7.8,10.8,1997,148.5,12
1998-01-01,13.1,6.7,9.9,1998,36.1,1
1998-02-01,16.2,9.1,12.65,1998,62.6,2
1998-03-01,20.2,9.8,15.0,1998,13.6,3
1998-04-01,16.1,8.6,12.35,1998,48.6,4
1998-05-01,21.2,11.8,16.5,1998,118.2,5
1998-06-01,26.8,14.1,20.45,1998,15.7,6
1998-08-01,32.7,18.8,25.75,1998,0.0,8
1998-09-01,28.4,15.5,21.95,1998,54.0,9
1998-10-01,23.9,10.5,17.2,1998,7.0,10
1998-11-01,18.0,9.6,13.8,1998,10.3,11
1998-12-01,14.8,5.8,10.3,1998,17.9,12
1999-01-01,13.4,5.6,9.5,1999,58.6,1
1999-02-01,14.6,5.2,9.9,1999,16.1,2
1999-03-01,16.9,8.9,12.9,1999,84.1,3
1999-04-01,20.0,10.1,15.05,1999,31.8,4
1999-05-01,22.1,12.8,17.45,1999,43.7,5
1999-06-01,27.9,14.5,21.2,1999,0.1,6
1999-07-01,31.5,16.7,24.1,1999,0.0,7
1999-08-01,29.4,16.2,22.8,1999,10.1,8
1999-09-01,25.0,15.5,20.25,1999,76.8,9
1999-10-01,20.3,12.9,16.6,1999,162.1,10
1999-11-01,15.6,7.5,11.55,1999,20.4,11
1999-12-01,12.9,7.2,10.05,1999,39.9,12
2000-01-01,12.2,4.2,8.2,2000,4.5,1
2000-02-01,17.0,8.2,12.6,2000,9.5,2
2000-03-01,19.1,9.4,14.25,2000,22.3,3
2000-04-01,15.0,8.6,11.8,2000,153.6,4
2000-05-01,21.2,12.2,16.7,2000,75.2,5
2000-06-01,28.4,15.6,22.0,2000,1.2,6
2000-07-01,29.5,16.5,23.0,2000,2.6,7
2000-08-01,30.6,16.8,23.7,2000,0.5,8
2000-09-01,28.5,15.5,22.0,2000,7.5,9
2000-10-01,21.8,8.6,15.2,2000,38.9,10
2000-11-01,14.8,8.9,11.85,2000,143.0,11
2000-12-01,13.6,8.3,10.95,2000,248.2,12
2001-01-01,12.6,6.9,9.75,2001,124.9,1
2001-02-01,15.1,7.8,11.45,2001,101.2,2
2001-03-01,21.8,11.8,16.8,2001,39.7,3
2001-04-01,19.5,9.7,14.6,2001,3.3,4
2001-05-01,21.8,11.8,16.8,2001,39.7,5
2001-06-01,28.9,15.0,21.95,2001,15.0,6
2001-07-01,28.9,15.4,22.15,2001,0.8,7
2001-08-01,30.3,16.7,23.5,2001,0.2,8
2001-09-01,27.8,15.6,21.7,2001,70.2,9
2001-10-01,21.4,14.3,17.85,2001,85.6,10
2001-11-01,15.8,8.1,11.95,2001,34.9,11
2001-12-01,12.1,5.5,8.8,2001,28.0,12
2002-01-01,14.3,7.1,10.7,2002,61.9,1
2002-02-01,16.1,7.3,11.7,2002,24.4,2
2002-03-01,17.5,9.3,13.4,2002,101.6,3
2002-04-01,19.2,9.4,14.3,2002,49.9,4
2002-05-01,21.0,10.6,15.8,2002,20.2,5
2002-06-01,27.6,13.8,20.7,2002,6.0,6
2002-07-01,31.6,15.8,23.7,2002,0.9,7
2002-08-01,29.6,15.7,22.65,2002,5.8,8
2002-09-01,24.4,15.5,19.95,2002,84.0,9
2002-10-01,21.4,13.9,17.65,2002,40.2,10
2002-11-01,16.1,9.8,12.95,2002,115.7,11
2002-12-01,14.2,8.5,11.35,2002,137.0,12
2003-01-01,12.8,5.8,9.3,2003,96.8,1
2003-02-01,12.8,5.7,9.25,2003,60.1,2
2003-03-01,17.6,9.6,13.6,2003,50.7,3
2003-04-01,18.1,9.7,13.9,2003,71.5,4
2003-05-01,24.8,12.8,18.8,2003,8.2,5
2003-06-01,29.5,15.7,22.6,2003,3.4,6
2003-07-01,28.6,15.0,21.8,2003,2.3,7
2003-08-01,33.3,19.0,26.15,2003,0.2,8
2003-09-01,28.7,17.3,23.0,2003,9.2,9
2003-10-01,20.1,12.9,16.5,2003,125.4,10
2003-11-01,15.9,10.1,13.0,2003,64.0,11
2003-12-01,13.2,6.6,9.9,2003,50.9,12
2004-01-01,13.9,7.2,10.55,2004,45.4,1
2004-02-01,14.6,6.8,10.7,2004,64.8,2
2004-03-01,16.0,7.1,11.55,2004,25.2,3
2004-04-01,19.8,9.5,14.65,2004,25.0,4
2004-05-01,22.0,11.4,16.7,2004,23.3,5
2004-06-01,32.6,17.4,25.0,2004,0.0,6
2004-07-01,32.6,16.6,24.6,2004,0.0,7
2004-08-01,30.8,16.9,23.85,2004,8.8,8
2004-09-01,29.4,16.0,22.7,2004,15.5,9
2004-10-01,22.5,12.9,17.7,2004,161.3,10
2004-11-01,17.5,7.7,12.6,2004,19.5,11
2004-12-01,13.4,5.5,9.45,2004,20.1,12
2005-02-01,13.5,3.0,8.25,2005,1.5,2
2005-03-01,15.5,6.5,11.0,2005,40.5,3
2005-04-01,20.2,10.1,15.15,2005,8.5,4
2005-05-01,23.9,12.8,18.35,2005,28.1,5
2005-06-01,30.2,16.9,23.55,2005,2.4,6
2005-07-01,31.1,16.9,24.0,2005,0.3,7
2005-08-01,33.1,19.5,26.3,2005,0.9,8
2005-09-01,28.2,16.2,22.2,2005,1.2,9
2005-10-01,22.6,14.5,18.55,2005,163.3,10
2005-11-01,15.0,7.9,11.45,2005,45.6,11
2005-12-01,13.0,6.1,9.55,2005,56.6,12
2006-01-01,11.5,4.5,8.0,2006,19.9,1
2006-02-01,13.1,5.5,9.3,2006,48.8,2
2006-03-01,15.8,8.7,12.25,2006,97.7,3
2006-04-01,19.7,10.9,15.3,2006,52.6,4
2006-05-01,25.2,13.3,19.25,2006,0.0,5
2006-06-01,27.7,15.3,21.5,2006,32.0,6
2006-07-01,31.9,17.9,24.9,2006,0.4,7
2006-08-01,32.3,18.4,25.35,2006,31.7,8
2006-09-01,28.7,16.5,22.6,2006,38.1,9
2006-10-01,22.3,14.7,18.5,2006,199.8,10
2006-11-01,18.0,12.1,15.05,2006,144.2,11
2006-12-01,13.1,6.0,9.55,2006,39.0,12
2007-01-01,13.1,5.3,9.2,2007,12.2,1
2007-02-01,14.2,7.8,11.0,2007,99.9,2
2007-03-01,16.7,7.6,12.15,2007,9.7,3
2007-04-01,18.5,9.7,14.1,2007,38.4,4
2007-05-01,21.9,12.1,17.0,2007,60.7,5
2007-06-01,24.9,14.1,19.5,2007,41.7,6
2007-07-01,30.2,16.0,23.1,2007,0.6,7
2007-08-01,30.4,17.8,24.1,2007,3.0,8
2007-09-01,28.0,16.2,22.1,2007,26.3,9
2007-10-01,22.6,13.8,18.2,2007,61.6,10
2007-11-01,18.5,9.1,13.8,2007,43.0,11
2007-12-01,13.8,6.0,9.9,2007,6.7,12
2008-01-01,12.9,6.8,9.85,2008,55.6,1
2008-02-01,16.3,8.8,12.55,2008,63.2,2
2008-03-01,16.6,7.7,12.15,2008,5.6,3
2008-04-01,19.6,10.8,15.2,2008,142.7,4
2008-06-01,29.2,15.8,22.5,2008,2.5,6
2008-07-01,29.2,15.9,22.55,2008,0.1,7
2008-08-01,29.5,15.6,22.55,2008,0.3,8
2008-09-01,25.6,14.9,20.25,2008,9.3,9
